wdgraph,value
['[1*]C[2*].[3*]C[4*]|0.5|0.5|<1-3:0.5:0.5<1-4:0.5:0.5<2-3:0.5:0.5<2-4:0.5:0.5'],47.8
['[1*]CC([2*])C.[3*]CC([4*])C|0.5|0.5|<1-3:0.5:0.5<1-4:0.5:0.5<2-3:0.5:0.5<2-4:0.5:0.5'],44.47
['[1*]CC([2*])CC.[3*]CC([4*])CC|0.5|0.5|<1-3:0.5:0.5<1-4:0.5:0.5<2-3:0.5:0.5<2-4:0.5:0.5'],34.04
['[1*]CC([2*])CCC.[3*]CC([4*])CCC|0.5|0.5|<1-3:0.5:0.5<1-4:0.5:0.5<2-3:0.5:0.5<2-4:0.5:0.5'],20.01
['[1*]CC([2*])CC(C)C.[3*]CC([4*])CC(C)C|0.5|0.5|<1-3:0.5:0.5<1-4:0.5:0.5<2-3:0.5:0.5<2-4:0.5:0.5'],21.64
['[1*]CCCCCCCC([2*])C.[3*]CCCCCCCC([4*])C|0.5|0.5|<1-3:0.5:0.5<1-4:0.5:0.5<2-3:0.5:0.5<2-4:0.5:0.5'],31.47
['[1*]CC([2*])CCCCCC.[3*]CC([4*])CCCCCC|0.5|0.5|<1-3:0.5:0.5<1-4:0.5:0.5<2-3:0.5:0.5<2-4:0.5:0.5'],75.06
['[1*]C=CCCC[2*].[3*]C=CCCC[4*]|0.5|0.5|<1-3:0.5:0.5<1-4:0.5:0.5<2-3:0.5:0.5<2-4:0.5:0.5'],14.57
['[1*]C=CCC[2*].[3*]C=CCC[4*]|0.5|0.5|<1-3:0.5:0.5<1-4:0.5:0.5<2-3:0.5:0.5<2-4:0.5:0.5'],13.1
['[1*]C=CCCCCCC[2*].[3*]C=CCCCCCC[4*]|0.5|0.5|<1-3:0.5:0.5<1-4:0.5:0.5<2-3:0.5:0.5<2-4:0.5:0.5'],22.67
['[1*]CC([2*])c1ccccc1.[3*]CC([4*])c1ccccc1|0.5|0.5|<1-3:0.5:0.5<1-4:0.5:0.5<2-3:0.5:0.5<2-4:0.5:0.5'],27.37
['[1*]CC([2*])c1ccc(C)cc1.[3*]CC([4*])c1ccc(C)cc1|0.5|0.5|<1-3:0.5:0.5<1-4:0.5:0.5<2-3:0.5:0.5<2-4:0.5:0.5'],18.59
['[1*]CC([2*])(C)c1ccc(C)cc1.[3*]CC([4*])(C)c1ccc(C)cc1|0.5|0.5|<1-3:0.5:0.5<1-4:0.5:0.5<2-3:0.5:0.5<2-4:0.5:0.5'],34.09
['[1*]CC([2*])c1ccc(O)cc1.[3*]CC([4*])c1ccc(O)cc1|0.5|0.5|<1-3:0.5:0.5<1-4:0.5:0.5<2-3:0.5:0.5<2-4:0.5:0.5'],11
['[1*]CC([2*])O.[3*]CC([4*])O|0.5|0.5|<1-3:0.5:0.5<1-4:0.5:0.5<2-3:0.5:0.5<2-4:0.5:0.5'],39.089205
['[1*]CC([2*])OC(=O)CCCCCCCCCCC.[3*]CC([4*])OC(=O)CCCCCCCCCCC|0.5|0.5|<1-3:0.5:0.5<1-4:0.5:0.5<2-3:0.5:0.5<2-4:0.5:0.5'],12.02
['[1*]CC([2*])OC(=O)CCCCCCCCCCCCCCC.[3*]CC([4*])OC(=O)CCCCCCCCCCCCCCC|0.5|0.5|<1-3:0.5:0.5<1-4:0.5:0.5<2-3:0.5:0.5<2-4:0.5:0.5'],33.35
['[1*]CC([2*])OC(=O)CCCCCCCCCCCCCCCCC.[3*]CC([4*])OC(=O)CCCCCCCCCCCCCCCCC|0.5|0.5|<1-3:0.5:0.5<1-4:0.5:0.5<2-3:0.5:0.5<2-4:0.5:0.5'],37.02
['[1*]CC([2*])(C)C#N.[3*]CC([4*])(C)C#N|0.5|0.5|<1-3:0.5:0.5<1-4:0.5:0.5<2-3:0.5:0.5<2-4:0.5:0.5'],8
['[1*]CC([2*])C(=O)OC(C)C.[3*]CC([4*])C(=O)OC(C)C|0.5|0.5|<1-3:0.5:0.5<1-4:0.5:0.5<2-3:0.5:0.5<2-4:0.5:0.5'],53.86
['[1*]CC([2*])C(=O)OCCCCCCCCCCCC.[3*]CC([4*])C(=O)OCCCCCCCCCCCC|0.5|0.5|<1-3:0.5:0.5<1-4:0.5:0.5<2-3:0.5:0.5<2-4:0.5:0.5'],17.77
['[1*]CC([2*])C(=O)OCCCCCCCCCCCCCC.[3*]CC([4*])C(=O)OCCCCCCCCCCCCCC|0.5|0.5|<1-3:0.5:0.5<1-4:0.5:0.5<2-3:0.5:0.5<2-4:0.5:0.5'],27.01
['[1*]CC([2*])C(=O)OCCCCCCCCCCCCCCCCCC.[3*]CC([4*])C(=O)OCCCCCCCCCCCCCCCCCC|0.5|0.5|<1-3:0.5:0.5<1-4:0.5:0.5<2-3:0.5:0.5<2-4:0.5:0.5'],39.64
['[1*]CC([2*])C(=O)OCCCCCCCCCCCCCCCCCCCCCC.[3*]CC([4*])C(=O)OCCCCCCCCCCCCCCCCCCCCCC|0.5|0.5|<1-3:0.5:0.5<1-4:0.5:0.5<2-3:0.5:0.5<2-4:0.5:0.5'],43.74
['[1*]CC([2*])(C)C(=O)OC.[3*]CC([4*])(C)C(=O)OC|0.5|0.5|<1-3:0.5:0.5<1-4:0.5:0.5<2-3:0.5:0.5<2-4:0.5:0.5'],12.63789474
['[1*]CC([2*])(C)C(=O)OCCCCCCCCCCCC.[3*]CC([4*])(C)C(=O)OCCCCCCCCCCCC|0.5|0.5|<1-3:0.5:0.5<1-4:0.5:0.5<2-3:0.5:0.5<2-4:0.5:0.5'],3.98
['[1*]CC([2*])(C)C(=O)OCCCCCCCCCCCCCCCC.[3*]CC([4*])(C)C(=O)OCCCCCCCCCCCCCCCC|0.5|0.5|<1-3:0.5:0.5<1-4:0.5:0.5<2-3:0.5:0.5<2-4:0.5:0.5'],17.37
['[1*]CC([2*])(C)C(=O)OCCCCCCCCCCCCCCCCCC.[3*]CC([4*])(C)C(=O)OCCCCCCCCCCCCCCCCCC|0.5|0.5|<1-3:0.5:0.5<1-4:0.5:0.5<2-3:0.5:0.5<2-4:0.5:0.5'],21.64
['[1*]CC([2*])C(=O)NCCCCCCCCCCCC.[3*]CC([4*])C(=O)NCCCCCCCCCCCC|0.5|0.5|<1-3:0.5:0.5<1-4:0.5:0.5<2-3:0.5:0.5<2-4:0.5:0.5'],1.76
['[1*]CC([2*])C(=O)NCCCCCCCCCCCCCC.[3*]CC([4*])C(=O)NCCCCCCCCCCCCCC|0.5|0.5|<1-3:0.5:0.5<1-4:0.5:0.5<2-3:0.5:0.5<2-4:0.5:0.5'],9.79
['[1*]CC([2*])C(=O)NCCCCCCCCCCCCCCCC.[3*]CC([4*])C(=O)NCCCCCCCCCCCCCCCC|0.5|0.5|<1-3:0.5:0.5<1-4:0.5:0.5<2-3:0.5:0.5<2-4:0.5:0.5'],16.73
['[1*]CC([2*])C(=O)NCCCCCCCCCCCCCCCCCC.[3*]CC([4*])C(=O)NCCCCCCCCCCCCCCCCCC|0.5|0.5|<1-3:0.5:0.5<1-4:0.5:0.5<2-3:0.5:0.5<2-4:0.5:0.5'],21.61
['[1*]CC([2*])C(=O)NCCCCCCCCCCCCCCCCCCCCCC.[3*]CC([4*])C(=O)NCCCCCCCCCCCCCCCCCCCCCC|0.5|0.5|<1-3:0.5:0.5<1-4:0.5:0.5<2-3:0.5:0.5<2-4:0.5:0.5'],35.71
['[1*]CC([2*])(F)F.[3*]CC([4*])(F)F|0.5|0.5|<1-3:0.5:0.5<1-4:0.5:0.5<2-3:0.5:0.5<2-4:0.5:0.5'],41.3664625
['[1*]CC([2*])(Cl)Cl.[3*]CC([4*])(Cl)Cl|0.5|0.5|<1-3:0.5:0.5<1-4:0.5:0.5<2-3:0.5:0.5<2-4:0.5:0.5'],67.76
['[1*]C(F)C([2*])(F)F.[3*]C(F)C([4*])(F)F|0.5|0.5|<1-3:0.5:0.5<1-4:0.5:0.5<2-3:0.5:0.5<2-4:0.5:0.5'],72.97
['[1*]C(F)(F)C([2*])(F)Cl.[3*]C(F)(F)C([4*])(F)Cl|0.5|0.5|<1-3:0.5:0.5<1-4:0.5:0.5<2-3:0.5:0.5<2-4:0.5:0.5'],77.15
['[1*]CCC=C([2*])Cl.[3*]CCC=C([4*])Cl|0.5|0.5|<1-3:0.5:0.5<1-4:0.5:0.5<2-3:0.5:0.5<2-4:0.5:0.5'],90.11
['[1*]CCC(F)(F)C([2*])(F)F.[3*]CCC(F)(F)C([4*])(F)F|0.5|0.5|<1-3:0.5:0.5<1-4:0.5:0.5<2-3:0.5:0.5<2-4:0.5:0.5'],43.69
['[1*]CCC=C([2*])C.[3*]CCC=C([4*])C|0.5|0.5|<1-3:0.5:0.5<1-4:0.5:0.5<2-3:0.5:0.5<2-4:0.5:0.5'],52.26
['[1*]C=CC(C)C[2*].[3*]C=CC(C)C[4*]|0.5|0.5|<1-3:0.5:0.5<1-4:0.5:0.5<2-3:0.5:0.5<2-4:0.5:0.5'],62.19
['[1*]CC(C)C=C([2*])C.[3*]CC(C)C=C([4*])C|0.5|0.5|<1-3:0.5:0.5<1-4:0.5:0.5<2-3:0.5:0.5<2-4:0.5:0.5'],45.53
['[1*]CO[2*].[3*]CO[4*]|0.5|0.5|<1-3:0.5:0.5<1-4:0.5:0.5<2-3:0.5:0.5<2-4:0.5:0.5'],97.74314666
['[1*]CCO[2*].[3*]CCO[4*]|0.5|0.5|<1-3:0.5:0.5<1-4:0.5:0.5<2-3:0.5:0.5<2-4:0.5:0.5'],70.6655082
['[1*]CC(C)O[2*].[3*]CC(C)O[4*]|0.5|0.5|<1-3:0.5:0.5<1-4:0.5:0.5<2-3:0.5:0.5<2-4:0.5:0.5'],77.61
['[1*]CC(CCl)O[2*].[3*]CC(CCl)O[4*]|0.5|0.5|<1-3:0.5:0.5<1-4:0.5:0.5<2-3:0.5:0.5<2-4:0.5:0.5'],51.33
['[1*]CC(O[2*])C(C)(C)C.[3*]CC(O[4*])C(C)(C)C|0.5|0.5|<1-3:0.5:0.5<1-4:0.5:0.5<2-3:0.5:0.5<2-4:0.5:0.5'],20.98
['[1*]CCCO[2*].[3*]CCCO[4*]|0.5|0.5|<1-3:0.5:0.5<1-4:0.5:0.5<2-3:0.5:0.5<2-4:0.5:0.5'],55.46
['[1*]CC(C)(C)CO[2*].[3*]CC(C)(C)CO[4*]|0.5|0.5|<1-3:0.5:0.5<1-4:0.5:0.5<2-3:0.5:0.5<2-4:0.5:0.5'],47.31
['[1*]CC(CO)(CO)CO[2*].[3*]CC(CO)(CO)CO[4*]|0.5|0.5|<1-3:0.5:0.5<1-4:0.5:0.5<2-3:0.5:0.5<2-4:0.5:0.5'],90.22
['[1*]CC(CO[2*])(COCC)COCC.[3*]CC(CO[4*])(COCC)COCC|0.5|0.5|<1-3:0.5:0.5<1-4:0.5:0.5<2-3:0.5:0.5<2-4:0.5:0.5'],26.85
['[1*]CCCCO[2*].[3*]CCCCO[4*]|0.5|0.5|<1-3:0.5:0.5<1-4:0.5:0.5<2-3:0.5:0.5<2-4:0.5:0.5'],17.54872941
['[1*]CCCCCCO[2*].[3*]CCCCCCO[4*]|0.5|0.5|<1-3:0.5:0.5<1-4:0.5:0.5<2-3:0.5:0.5<2-4:0.5:0.5'],93.3
['[1*]CCCCCCCCO[2*].[3*]CCCCCCCCO[4*]|0.5|0.5|<1-3:0.5:0.5<1-4:0.5:0.5<2-3:0.5:0.5<2-4:0.5:0.5'],92.75
['[1*]Oc1c(C)cc([2*])cc1C.[3*]Oc1c(C)cc([4*])cc1C|0.5|0.5|<1-3:0.5:0.5<1-4:0.5:0.5<2-3:0.5:0.5<2-4:0.5:0.5'],62.833401
['[1*]Oc1c(OC)cc([2*])cc1OC.[3*]Oc1c(OC)cc([4*])cc1OC|0.5|0.5|<1-3:0.5:0.5<1-4:0.5:0.5<2-3:0.5:0.5<2-4:0.5:0.5'],19.88
['[1*]Oc1c(-c2ccccc2)cc([2*])cc1-c1ccccc1.[3*]Oc1c(-c2ccccc2)cc([4*])cc1-c1ccccc1|0.5|0.5|<1-3:0.5:0.5<1-4:0.5:0.5<2-3:0.5:0.5<2-4:0.5:0.5'],73.4
['[1*]CCOCO[2*].[3*]CCOCO[4*]|0.5|0.5|<1-3:0.5:0.5<1-4:0.5:0.5<2-3:0.5:0.5<2-4:0.5:0.5'],62.84
['[1*]CCCCOCO[2*].[3*]CCCCOCO[4*]|0.5|0.5|<1-3:0.5:0.5<1-4:0.5:0.5<2-3:0.5:0.5<2-4:0.5:0.5'],65.43
['[1*]CCOC(=O)c1ccc(O[2*])cc1.[3*]CCOC(=O)c1ccc(O[4*])cc1|0.5|0.5|<1-3:0.5:0.5<1-4:0.5:0.5<2-3:0.5:0.5<2-4:0.5:0.5'],67.44
['[1*]CCOc1ccc(C(=O)OCCOC(=O)c2ccc(O[2*])cc2)cc1.[3*]CCOc1ccc(C(=O)OCCOC(=O)c2ccc(O[4*])cc2)cc1|0.5|0.5|<1-3:0.5:0.5<1-4:0.5:0.5<2-3:0.5:0.5<2-4:0.5:0.5'],96.09
['[1*]CC(=O)NCCCCCCNC(=O)CO[2*].[3*]CC(=O)NCCCCCCNC(=O)CO[4*]|0.5|0.5|<1-3:0.5:0.5<1-4:0.5:0.5<2-3:0.5:0.5<2-4:0.5:0.5'],31.96
['[1*]CCOCCOC(=O)NCCCCCCNC(=O)O[2*].[3*]CCOCCOC(=O)NCCCCCCNC(=O)O[4*]|0.5|0.5|<1-3:0.5:0.5<1-4:0.5:0.5<2-3:0.5:0.5<2-4:0.5:0.5'],56.78
['[1*]CCOCCOCCOC(=O)NCCCCCCNC(=O)O[2*].[3*]CCOCCOCCOC(=O)NCCCCCCNC(=O)O[4*]|0.5|0.5|<1-3:0.5:0.5<1-4:0.5:0.5<2-3:0.5:0.5<2-4:0.5:0.5'],35.73
['[1*]CC(=O)OC(=O)c1ccc(C(=O)OC(=O)COc2ccc(O[2*])cc2)cc1.[3*]CC(=O)OC(=O)c1ccc(C(=O)OC(=O)COc2ccc(O[4*])cc2)cc1|0.5|0.5|<1-3:0.5:0.5<1-4:0.5:0.5<2-3:0.5:0.5<2-4:0.5:0.5'],47.87
['[1*]CCOCCOCCOCCOC(=O)NCCCCCCNC(=O)O[2*].[3*]CCOCCOCCOCCOC(=O)NCCCCCCNC(=O)O[4*]|0.5|0.5|<1-3:0.5:0.5<1-4:0.5:0.5<2-3:0.5:0.5<2-4:0.5:0.5'],25.61
['[1*]CCOCCOCCOCCOCCOCCOC(=O)NCCCCCCNC(=O)O[2*].[3*]CCOCCOCCOCCOCCOCCOC(=O)NCCCCCCNC(=O)O[4*]|0.5|0.5|<1-3:0.5:0.5<1-4:0.5:0.5<2-3:0.5:0.5<2-4:0.5:0.5'],22.98
['[1*]Oc1ccc(Oc2ccc(C(=O)c3ccc([2*])cc3)cc2)cc1.[3*]Oc1ccc(Oc2ccc(C(=O)c3ccc([4*])cc3)cc2)cc1|0.5|0.5|<1-3:0.5:0.5<1-4:0.5:0.5<2-3:0.5:0.5<2-4:0.5:0.5'],31.10578095
['[1*]CC(CC)(CC)CO[2*].[3*]CC(CC)(CC)CO[4*]|0.5|0.5|<1-3:0.5:0.5<1-4:0.5:0.5<2-3:0.5:0.5<2-4:0.5:0.5'],41.8
['[1*]CCOCC(=O)O[2*].[3*]CCOCC(=O)O[4*]|0.5|0.5|<1-3:0.5:0.5<1-4:0.5:0.5<2-3:0.5:0.5<2-4:0.5:0.5'],55.93
['[1*]CCOCCOC(=O)c1ccc(C(=O)O[2*])cc1.[3*]CCOCCOC(=O)c1ccc(C(=O)O[4*])cc1|0.5|0.5|<1-3:0.5:0.5<1-4:0.5:0.5<2-3:0.5:0.5<2-4:0.5:0.5'],38.53
['[1*]Oc1ccc(Oc2ccc(OC(=O)c3cccc(C([2*])=O)c3)cc2)cc1.[3*]Oc1ccc(Oc2ccc(OC(=O)c3cccc(C([4*])=O)c3)cc2)cc1|0.5|0.5|<1-3:0.5:0.5<1-4:0.5:0.5<2-3:0.5:0.5<2-4:0.5:0.5'],29.77
['[1*]CC(C)(CC)CO[2*].[3*]CC(C)(CC)CO[4*]|0.5|0.5|<1-3:0.5:0.5<1-4:0.5:0.5<2-3:0.5:0.5<2-4:0.5:0.5'],54.15
['[1*]CC(C)(CO)CO[2*].[3*]CC(C)(CO)CO[4*]|0.5|0.5|<1-3:0.5:0.5<1-4:0.5:0.5<2-3:0.5:0.5<2-4:0.5:0.5'],41.42
['[1*]CC(CO[2*])(COC=O)COC=O.[3*]CC(CO[4*])(COC=O)COC=O|0.5|0.5|<1-3:0.5:0.5<1-4:0.5:0.5<2-3:0.5:0.5<2-4:0.5:0.5'],53.4
['[1*]Oc1ccc(Oc2ccc(C(=O)c3cccc(C(=O)c4ccc([2*])cc4)c3)cc2)cc1.[3*]Oc1ccc(Oc2ccc(C(=O)c3cccc(C(=O)c4ccc([4*])cc4)c3)cc2)cc1|0.5|0.5|<1-3:0.5:0.5<1-4:0.5:0.5<2-3:0.5:0.5<2-4:0.5:0.5'],72.53
['[1*]Oc1ccc(Oc2ccc(C(=O)c3ccc([2*])cc3)cc2)cc1C.[3*]Oc1ccc(Oc2ccc(C(=O)c3ccc([4*])cc3)cc2)cc1C|0.5|0.5|<1-3:0.5:0.5<1-4:0.5:0.5<2-3:0.5:0.5<2-4:0.5:0.5'],30.95
['[1*]CCCCCCCCCCOc1ccc(OC(=O)c2ccc(OCCOCCOCCOc3ccc(C(=O)Oc4ccc(O[2*])cc4)cc3)cc2)cc1.[3*]CCCCCCCCCCOc1ccc(OC(=O)c2ccc(OCCOCCOCCOc3ccc(C(=O)Oc4ccc(O[4*])cc4)cc3)cc2)cc1|0.5|0.5|<1-3:0.5:0.5<1-4:0.5:0.5<2-3:0.5:0.5<2-4:0.5:0.5'],16.51
['[1*]Oc1ccc(Oc2ccc(NC(=O)c3ccc(Oc4ccc(Oc5ccc(C(=O)Nc6ccc([2*])cc6)cc5)cc4)cc3)cc2)cc1.[3*]Oc1ccc(Oc2ccc(NC(=O)c3ccc(Oc4ccc(Oc5ccc(C(=O)Nc6ccc([4*])cc6)cc5)cc4)cc3)cc2)cc1|0.5|0.5|<1-3:0.5:0.5<1-4:0.5:0.5<2-3:0.5:0.5<2-4:0.5:0.5'],60.74
['[1*]Oc1cccc(Oc2ccc(NC(=O)c3ccc(Oc4cccc(Oc5ccc(C(=O)Nc6ccc([2*])cc6)cc5)c4)cc3)cc2)c1.[3*]Oc1cccc(Oc2ccc(NC(=O)c3ccc(Oc4cccc(Oc5ccc(C(=O)Nc6ccc([4*])cc6)cc5)c4)cc3)cc2)c1|0.5|0.5|<1-3:0.5:0.5<1-4:0.5:0.5<2-3:0.5:0.5<2-4:0.5:0.5'],40.05
['[1*]c1cccc(Oc2ccc(-c3ccc(Oc4cccc(-n5c(=O)c6cc7c(=O)n([2*])c(=O)c7cc6c5=O)c4)cc3)cc2)c1.[3*]c1cccc(Oc2ccc(-c3ccc(Oc4cccc(-n5c(=O)c6cc7c(=O)n([4*])c(=O)c7cc6c5=O)c4)cc3)cc2)c1|0.5|0.5|<1-3:0.5:0.5<1-4:0.5:0.5<2-3:0.5:0.5<2-4:0.5:0.5'],90.18
['[1*]CCCCCCOC(=O)Nc1ccc(C)c(NC(=O)OCCCCCCOc2ccc(-c3ccc(O[2*])cc3)cc2)c1.[3*]CCCCCCOC(=O)Nc1ccc(C)c(NC(=O)OCCCCCCOc2ccc(-c3ccc(O[4*])cc3)cc2)c1|0.5|0.5|<1-3:0.5:0.5<1-4:0.5:0.5<2-3:0.5:0.5<2-4:0.5:0.5'],37.92
['[1*]CCCS[2*].[3*]CCCS[4*]|0.5|0.5|<1-3:0.5:0.5<1-4:0.5:0.5<2-3:0.5:0.5<2-4:0.5:0.5'],98.81
['[1*]CCCCCCS[2*].[3*]CCCCCCS[4*]|0.5|0.5|<1-3:0.5:0.5<1-4:0.5:0.5<2-3:0.5:0.5<2-4:0.5:0.5'],87.41
['[1*]CCOC(=O)CCC(=O)O[2*].[3*]CCOC(=O)CCC(=O)O[4*]|0.5|0.5|<1-3:0.5:0.5<1-4:0.5:0.5<2-3:0.5:0.5<2-4:0.5:0.5'],79.99
['[1*]CCCOC(=O)CCC(=O)O[2*].[3*]CCCOC(=O)CCC(=O)O[4*]|0.5|0.5|<1-3:0.5:0.5<1-4:0.5:0.5<2-3:0.5:0.5<2-4:0.5:0.5'],50.44
['[1*]CCCCOC(=O)CCC(=O)O[2*].[3*]CCCCOC(=O)CCC(=O)O[4*]|0.5|0.5|<1-3:0.5:0.5<1-4:0.5:0.5<2-3:0.5:0.5<2-4:0.5:0.5'],56.84
['[1*]CCCOC(=O)CCCC(=O)O[2*].[3*]CCCOC(=O)CCCC(=O)O[4*]|0.5|0.5|<1-3:0.5:0.5<1-4:0.5:0.5<2-3:0.5:0.5<2-4:0.5:0.5'],24.04
['[1*]CCOC(=O)CCCCC(=O)O[2*].[3*]CCOC(=O)CCCCC(=O)O[4*]|0.5|0.5|<1-3:0.5:0.5<1-4:0.5:0.5<2-3:0.5:0.5<2-4:0.5:0.5'],69.34
['[1*]CCCOC(=O)CCCCC(=O)O[2*].[3*]CCCOC(=O)CCCCC(=O)O[4*]|0.5|0.5|<1-3:0.5:0.5<1-4:0.5:0.5<2-3:0.5:0.5<2-4:0.5:0.5'],26.74
['[1*]CCCCCCCCCCOC(=O)CCCCC(=O)O[2*].[3*]CCCCCCCCCCOC(=O)CCCCC(=O)O[4*]|0.5|0.5|<1-3:0.5:0.5<1-4:0.5:0.5<2-3:0.5:0.5<2-4:0.5:0.5'],88.04
['[1*]CCOC(=O)CCCCCCC(=O)O[2*].[3*]CCOC(=O)CCCCCCC(=O)O[4*]|0.5|0.5|<1-3:0.5:0.5<1-4:0.5:0.5<2-3:0.5:0.5<2-4:0.5:0.5'],57.21
['[1*]CCCOC(=O)CCCCCCC(=O)O[2*].[3*]CCCOC(=O)CCCCCCC(=O)O[4*]|0.5|0.5|<1-3:0.5:0.5<1-4:0.5:0.5<2-3:0.5:0.5<2-4:0.5:0.5'],92.48
['[1*]CCOC(=O)CCCCCCCC(=O)O[2*].[3*]CCOC(=O)CCCCCCCC(=O)O[4*]|0.5|0.5|<1-3:0.5:0.5<1-4:0.5:0.5<2-3:0.5:0.5<2-4:0.5:0.5'],57.8
['[1*]CCCCCCCCCOC(=O)CCCCCCCC(=O)O[2*].[3*]CCCCCCCCCOC(=O)CCCCCCCC(=O)O[4*]|0.5|0.5|<1-3:0.5:0.5<1-4:0.5:0.5<2-3:0.5:0.5<2-4:0.5:0.5'],73.07
['[1*]CCCCCCCCCCOC(=O)CCCCCCCC(=O)O[2*].[3*]CCCCCCCCCCOC(=O)CCCCCCCC(=O)O[4*]|0.5|0.5|<1-3:0.5:0.5<1-4:0.5:0.5<2-3:0.5:0.5<2-4:0.5:0.5'],66.73
['[1*]CCOC(=O)CCCCCCCCC(=O)O[2*].[3*]CCOC(=O)CCCCCCCCC(=O)O[4*]|0.5|0.5|<1-3:0.5:0.5<1-4:0.5:0.5<2-3:0.5:0.5<2-4:0.5:0.5'],60.1
['[1*]CCCOC(=O)CCCCCCCCC(=O)O[2*].[3*]CCCOC(=O)CCCCCCCCC(=O)O[4*]|0.5|0.5|<1-3:0.5:0.5<1-4:0.5:0.5<2-3:0.5:0.5<2-4:0.5:0.5'],37.93
['[1*]CCCCOC(=O)CCCCCCCCC(=O)O[2*].[3*]CCCCOC(=O)CCCCCCCCC(=O)O[4*]|0.5|0.5|<1-3:0.5:0.5<1-4:0.5:0.5<2-3:0.5:0.5<2-4:0.5:0.5'],44.62
['[1*]CCCCCCOC(=O)CCCCCCCCC(=O)O[2*].[3*]CCCCCCOC(=O)CCCCCCCCC(=O)O[4*]|0.5|0.5|<1-3:0.5:0.5<1-4:0.5:0.5<2-3:0.5:0.5<2-4:0.5:0.5'],74.61
['[1*]CCCCCCCOC(=O)CCCCCCCCC(=O)O[2*].[3*]CCCCCCCOC(=O)CCCCCCCCC(=O)O[4*]|0.5|0.5|<1-3:0.5:0.5<1-4:0.5:0.5<2-3:0.5:0.5<2-4:0.5:0.5'],45.6
['[1*]CCCCCCCCCCOC(=O)CCCCCCCCC(=O)O[2*].[3*]CCCCCCCCCCOC(=O)CCCCCCCCC(=O)O[4*]|0.5|0.5|<1-3:0.5:0.5<1-4:0.5:0.5<2-3:0.5:0.5<2-4:0.5:0.5'],75.09
['[1*]CCOC(=O)c1ccc(C(=O)O[2*])cc1.[3*]CCOC(=O)c1ccc(C(=O)O[4*])cc1|0.5|0.5|<1-3:0.5:0.5<1-4:0.5:0.5<2-3:0.5:0.5<2-4:0.5:0.5'],31.7557344
['[1*]CCOC(=O)c1cccc(C(=O)O[2*])c1.[3*]CCOC(=O)c1cccc(C(=O)O[4*])c1|0.5|0.5|<1-3:0.5:0.5<1-4:0.5:0.5<2-3:0.5:0.5<2-4:0.5:0.5'],40.99
['[1*]CCCCOC(=O)c1ccc(C(=O)O[2*])cc1.[3*]CCCCOC(=O)c1ccc(C(=O)O[4*])cc1|0.5|0.5|<1-3:0.5:0.5<1-4:0.5:0.5<2-3:0.5:0.5<2-4:0.5:0.5'],34.54432121
['[1*]CCCCOC(=O)c1cccc(C(=O)O[2*])c1.[3*]CCCCOC(=O)c1cccc(C(=O)O[4*])c1|0.5|0.5|<1-3:0.5:0.5<1-4:0.5:0.5<2-3:0.5:0.5<2-4:0.5:0.5'],18.14
['[1*]CCCCCOC(=O)c1ccc(C(=O)O[2*])cc1.[3*]CCCCCOC(=O)c1ccc(C(=O)O[4*])cc1|0.5|0.5|<1-3:0.5:0.5<1-4:0.5:0.5<2-3:0.5:0.5<2-4:0.5:0.5'],21.11
['[1*]CCCCCCOC(=O)c1ccc(C(=O)O[2*])cc1.[3*]CCCCCCOC(=O)c1ccc(C(=O)O[4*])cc1|0.5|0.5|<1-3:0.5:0.5<1-4:0.5:0.5<2-3:0.5:0.5<2-4:0.5:0.5'],84.06
['[1*]CCCCCCCCCCOC(=O)c1ccc(C(=O)O[2*])cc1.[3*]CCCCCCCCCCOC(=O)c1ccc(C(=O)O[4*])cc1|0.5|0.5|<1-3:0.5:0.5<1-4:0.5:0.5<2-3:0.5:0.5<2-4:0.5:0.5'],79.26
['[1*]Oc1c(Cl)cc(C(C)(C)c2cc(Cl)c(OC(=O)CCCCC([2*])=O)c(Cl)c2)cc1Cl.[3*]Oc1c(Cl)cc(C(C)(C)c2cc(Cl)c(OC(=O)CCCCC([4*])=O)c(Cl)c2)cc1Cl|0.5|0.5|<1-3:0.5:0.5<1-4:0.5:0.5<2-3:0.5:0.5<2-4:0.5:0.5'],48.47
['[1*]CCOC(=O)c1ccc2cc(C(=O)O[2*])ccc2c1.[3*]CCOC(=O)c1ccc2cc(C(=O)O[4*])ccc2c1|0.5|0.5|<1-3:0.5:0.5<1-4:0.5:0.5<2-3:0.5:0.5<2-4:0.5:0.5'],40.762904
['[1*]CCCCOC(=O)CCCCC(=O)O[2*].[3*]CCCCOC(=O)CCCCC(=O)O[4*]|0.5|0.5|<1-3:0.5:0.5<1-4:0.5:0.5<2-3:0.5:0.5<2-4:0.5:0.5'],63.01
['[1*]CCCCCOC(=O)CCCCC(=O)O[2*].[3*]CCCCCOC(=O)CCCCC(=O)O[4*]|0.5|0.5|<1-3:0.5:0.5<1-4:0.5:0.5<2-3:0.5:0.5<2-4:0.5:0.5'],34.68
['[1*]OC1CCC(OC(=O)CCCCC([2*])=O)CC1.[3*]OC1CCC(OC(=O)CCCCC([4*])=O)CC1|0.5|0.5|<1-3:0.5:0.5<1-4:0.5:0.5<2-3:0.5:0.5<2-4:0.5:0.5'],76.23
['[1*]CCCCC(=O)O[2*].[3*]CCCCC(=O)O[4*]|0.5|0.5|<1-3:0.5:0.5<1-4:0.5:0.5<2-3:0.5:0.5<2-4:0.5:0.5'],44.85
['[1*]CCCCCC(=O)O[2*].[3*]CCCCCC(=O)O[4*]|0.5|0.5|<1-3:0.5:0.5<1-4:0.5:0.5<2-3:0.5:0.5<2-4:0.5:0.5'],44.91891622
['[1*]CCCCCCCCCCC(=O)O[2*].[3*]CCCCCCCCCCC(=O)O[4*]|0.5|0.5|<1-3:0.5:0.5<1-4:0.5:0.5<2-3:0.5:0.5<2-4:0.5:0.5'],48.08
['[1*]CCCCCCCCCCCCC(=O)O[2*].[3*]CCCCCCCCCCCCC(=O)O[4*]|0.5|0.5|<1-3:0.5:0.5<1-4:0.5:0.5<2-3:0.5:0.5<2-4:0.5:0.5'],74.44953187
['[1*]CCCCCCCCCCCCCCC(=O)O[2*].[3*]CCCCCCCCCCCCCCC(=O)O[4*]|0.5|0.5|<1-3:0.5:0.5<1-4:0.5:0.5<2-3:0.5:0.5<2-4:0.5:0.5'],60.3
['[1*]CCCCCCC(=O)O[2*].[3*]CCCCCCC(=O)O[4*]|0.5|0.5|<1-3:0.5:0.5<1-4:0.5:0.5<2-3:0.5:0.5<2-4:0.5:0.5'],40.25
['[1*]CCCCCCCC(=O)O[2*].[3*]CCCCCCCC(=O)O[4*]|0.5|0.5|<1-3:0.5:0.5<1-4:0.5:0.5<2-3:0.5:0.5<2-4:0.5:0.5'],44.53
['[1*]CCCCCCCCC(=O)O[2*].[3*]CCCCCCCCC(=O)O[4*]|0.5|0.5|<1-3:0.5:0.5<1-4:0.5:0.5<2-3:0.5:0.5<2-4:0.5:0.5'],41.41
['[1*]CCCCCCCCCC(=O)O[2*].[3*]CCCCCCCCCC(=O)O[4*]|0.5|0.5|<1-3:0.5:0.5<1-4:0.5:0.5<2-3:0.5:0.5<2-4:0.5:0.5'],50.94
['[1*]CCCCCCCCCCCC(=O)O[2*].[3*]CCCCCCCCCCCC(=O)O[4*]|0.5|0.5|<1-3:0.5:0.5<1-4:0.5:0.5<2-3:0.5:0.5<2-4:0.5:0.5'],59.84
['[1*]CCCCCCCCCCCCCCOC(=O)CCCCC(=O)O[2*].[3*]CCCCCCCCCCCCCCOC(=O)CCCCC(=O)O[4*]|0.5|0.5|<1-3:0.5:0.5<1-4:0.5:0.5<2-3:0.5:0.5<2-4:0.5:0.5'],88.39
['[1*]CCCCCCCCCCCCCCOC(=O)CCCCCCC(=O)O[2*].[3*]CCCCCCCCCCCCCCOC(=O)CCCCCCC(=O)O[4*]|0.5|0.5|<1-3:0.5:0.5<1-4:0.5:0.5<2-3:0.5:0.5<2-4:0.5:0.5'],87.94
['[1*]CCCCCCCCCCCCCCCCOC(=O)CCCCC(=O)O[2*].[3*]CCCCCCCCCCCCCCCCOC(=O)CCCCC(=O)O[4*]|0.5|0.5|<1-3:0.5:0.5<1-4:0.5:0.5<2-3:0.5:0.5<2-4:0.5:0.5'],83.83
['[1*]CCCCCCCCCCCCCCCCOC(=O)CCCCCCC(=O)O[2*].[3*]CCCCCCCCCCCCCCCCOC(=O)CCCCCCC(=O)O[4*]|0.5|0.5|<1-3:0.5:0.5<1-4:0.5:0.5<2-3:0.5:0.5<2-4:0.5:0.5'],50.15
['[1*]CCCOC(=O)c1ccc(C(=O)O[2*])cc1.[3*]CCCOC(=O)c1ccc(C(=O)O[4*])cc1|0.5|0.5|<1-3:0.5:0.5<1-4:0.5:0.5<2-3:0.5:0.5<2-4:0.5:0.5'],30.78
['[1*]CC(C)C(C)COC(=O)c1ccc(C(=O)O[2*])cc1.[3*]CC(C)C(C)COC(=O)c1ccc(C(=O)O[4*])cc1|0.5|0.5|<1-3:0.5:0.5<1-4:0.5:0.5<2-3:0.5:0.5<2-4:0.5:0.5'],14.88
['[1*]CCCCCCCOC(=O)c1ccc(C(=O)O[2*])cc1.[3*]CCCCCCCOC(=O)c1ccc(C(=O)O[4*])cc1|0.5|0.5|<1-3:0.5:0.5<1-4:0.5:0.5<2-3:0.5:0.5<2-4:0.5:0.5'],17.69
['[1*]OC(C)CC([2*])=O.[3*]OC(C)CC([4*])=O|0.5|0.5|<1-3:0.5:0.5<1-4:0.5:0.5<2-3:0.5:0.5<2-4:0.5:0.5'],71.37270952
['[1*]OC(C)C([2*])=O.[3*]OC(C)C([4*])=O|0.5|0.5|<1-3:0.5:0.5<1-4:0.5:0.5<2-3:0.5:0.5<2-4:0.5:0.5'],57.62
['[1*]CCC(=O)O[2*].[3*]CCC(=O)O[4*]|0.5|0.5|<1-3:0.5:0.5<1-4:0.5:0.5<2-3:0.5:0.5<2-4:0.5:0.5'],45.00978462
['[1*]OC(CC)CC([2*])=O.[3*]OC(CC)CC([4*])=O|0.5|0.5|<1-3:0.5:0.5<1-4:0.5:0.5<2-3:0.5:0.5<2-4:0.5:0.5'],64.05
['[1*]CC(C)C(=O)O[2*].[3*]CC(C)C(=O)O[4*]|0.5|0.5|<1-3:0.5:0.5<1-4:0.5:0.5<2-3:0.5:0.5<2-4:0.5:0.5'],81.29
['[1*]OC(CC([2*])=O)C(Cl)(Cl)Cl.[3*]OC(CC([4*])=O)C(Cl)(Cl)Cl|0.5|0.5|<1-3:0.5:0.5<1-4:0.5:0.5<2-3:0.5:0.5<2-4:0.5:0.5'],9.71
['[1*]Oc1ccc(OC(=O)CCCCC([2*])=O)cc1.[3*]Oc1ccc(OC(=O)CCCCC([4*])=O)cc1|0.5|0.5|<1-3:0.5:0.5<1-4:0.5:0.5<2-3:0.5:0.5<2-4:0.5:0.5'],62.08
['[1*]CCCCCCCCCCOC(=O)CCCCCNC(=O)CCCCC(=O)NCCCCCC(=O)O[2*].[3*]CCCCCCCCCCOC(=O)CCCCCNC(=O)CCCCC(=O)NCCCCCC(=O)O[4*]|0.5|0.5|<1-3:0.5:0.5<1-4:0.5:0.5<2-3:0.5:0.5<2-4:0.5:0.5'],19.33
['[1*]CCCCCCCCCCOC(=O)CCCCCNC(=O)c1ccc(C(=O)NCCCCCC(=O)O[2*])cc1.[3*]CCCCCCCCCCOC(=O)CCCCCNC(=O)c1ccc(C(=O)NCCCCCC(=O)O[4*])cc1|0.5|0.5|<1-3:0.5:0.5<1-4:0.5:0.5<2-3:0.5:0.5<2-4:0.5:0.5'],24.04
['[1*]CCCCCCCCCCCCOC(=O)CCCCCNC(=O)CCCCC(=O)NCCCCCC(=O)O[2*].[3*]CCCCCCCCCCCCOC(=O)CCCCCNC(=O)CCCCC(=O)NCCCCCC(=O)O[4*]|0.5|0.5|<1-3:0.5:0.5<1-4:0.5:0.5<2-3:0.5:0.5<2-4:0.5:0.5'],17.28
['[1*]CCCCCCCCCCCCOC(=O)c1ccc(NC(=O)CCCCCCCCCCC(=O)Nc2ccc(C(=O)O[2*])cc2)cc1.[3*]CCCCCCCCCCCCOC(=O)c1ccc(NC(=O)CCCCCCCCCCC(=O)Nc2ccc(C(=O)O[4*])cc2)cc1|0.5|0.5|<1-3:0.5:0.5<1-4:0.5:0.5<2-3:0.5:0.5<2-4:0.5:0.5'],16.42
['[1*]CCCCCCCCCCCCOC(=O)CCCCCNC(=O)c1ccc(C(=O)NCCCCCC(=O)O[2*])cc1.[3*]CCCCCCCCCCCCOC(=O)CCCCCNC(=O)c1ccc(C(=O)NCCCCCC(=O)O[4*])cc1|0.5|0.5|<1-3:0.5:0.5<1-4:0.5:0.5<2-3:0.5:0.5<2-4:0.5:0.5'],21.84
['[1*]CCOC(=O)CCCCCNC(=O)CCCCC(=O)NCCCCCC(=O)O[2*].[3*]CCOC(=O)CCCCCNC(=O)CCCCC(=O)NCCCCCC(=O)O[4*]|0.5|0.5|<1-3:0.5:0.5<1-4:0.5:0.5<2-3:0.5:0.5<2-4:0.5:0.5'],22.75
['[1*]CCOC(=O)c1ccc(NC(=O)CCCCCCCCCCC(=O)Nc2ccc(C(=O)O[2*])cc2)cc1.[3*]CCOC(=O)c1ccc(NC(=O)CCCCCCCCCCC(=O)Nc2ccc(C(=O)O[4*])cc2)cc1|0.5|0.5|<1-3:0.5:0.5<1-4:0.5:0.5<2-3:0.5:0.5<2-4:0.5:0.5'],22.49
['[1*]CCCCCCOC(=O)CCCCCNC(=O)CCCCC(=O)NCCCCCC(=O)O[2*].[3*]CCCCCCOC(=O)CCCCCNC(=O)CCCCC(=O)NCCCCCC(=O)O[4*]|0.5|0.5|<1-3:0.5:0.5<1-4:0.5:0.5<2-3:0.5:0.5<2-4:0.5:0.5'],20.69
['[1*]CCCCCCOC(=O)c1ccc(NC(=O)CCCCCCCCCCC(=O)Nc2ccc(C(=O)O[2*])cc2)cc1.[3*]CCCCCCOC(=O)c1ccc(NC(=O)CCCCCCCCCCC(=O)Nc2ccc(C(=O)O[4*])cc2)cc1|0.5|0.5|<1-3:0.5:0.5<1-4:0.5:0.5<2-3:0.5:0.5<2-4:0.5:0.5'],20.19
['[1*]CCCCCCOC(=O)CCCCCNC(=O)c1ccc(C(=O)NCCCCCC(=O)O[2*])cc1.[3*]CCCCCCOC(=O)CCCCCNC(=O)c1ccc(C(=O)NCCCCCC(=O)O[4*])cc1|0.5|0.5|<1-3:0.5:0.5<1-4:0.5:0.5<2-3:0.5:0.5<2-4:0.5:0.5'],29.18
['[1*]OC(CC([2*])=O)C(C)(Cl)Cl.[3*]OC(CC([4*])=O)C(C)(Cl)Cl|0.5|0.5|<1-3:0.5:0.5<1-4:0.5:0.5<2-3:0.5:0.5<2-4:0.5:0.5'],37.3
['[1*]CCCCCCCCOC(=O)CCCCCNC(=O)CCCCC(=O)NCCCCCC(=O)O[2*].[3*]CCCCCCCCOC(=O)CCCCCNC(=O)CCCCC(=O)NCCCCCC(=O)O[4*]|0.5|0.5|<1-3:0.5:0.5<1-4:0.5:0.5<2-3:0.5:0.5<2-4:0.5:0.5'],18.79
['[1*]CCCCCCCCOC(=O)c1ccc(NC(=O)CCCCCCCCCCC(=O)Nc2ccc(C(=O)O[2*])cc2)cc1.[3*]CCCCCCCCOC(=O)c1ccc(NC(=O)CCCCCCCCCCC(=O)Nc2ccc(C(=O)O[4*])cc2)cc1|0.5|0.5|<1-3:0.5:0.5<1-4:0.5:0.5<2-3:0.5:0.5<2-4:0.5:0.5'],18.52
['[1*]CCCCCCCCOC(=O)CCCCCNC(=O)c1ccc(C(=O)NCCCCCC(=O)O[2*])cc1.[3*]CCCCCCCCOC(=O)CCCCCNC(=O)c1ccc(C(=O)NCCCCCC(=O)O[4*])cc1|0.5|0.5|<1-3:0.5:0.5<1-4:0.5:0.5<2-3:0.5:0.5<2-4:0.5:0.5'],27.1
['[1*]CCCCCOC(=O)CCCCCCCCC(=O)O[2*].[3*]CCCCCOC(=O)CCCCCCCCC(=O)O[4*]|0.5|0.5|<1-3:0.5:0.5<1-4:0.5:0.5<2-3:0.5:0.5<2-4:0.5:0.5'],37.28
['[1*]CCCCOC(=O)CCCCCNC(=O)CCCCC(=O)NCCCCCC(=O)O[2*].[3*]CCCCOC(=O)CCCCCNC(=O)CCCCC(=O)NCCCCCC(=O)O[4*]|0.5|0.5|<1-3:0.5:0.5<1-4:0.5:0.5<2-3:0.5:0.5<2-4:0.5:0.5'],21.6
['[1*]CCCCOC(=O)c1ccc(NC(=O)CCCCCCCCCCC(=O)Nc2ccc(C(=O)O[2*])cc2)cc1.[3*]CCCCOC(=O)c1ccc(NC(=O)CCCCCCCCCCC(=O)Nc2ccc(C(=O)O[4*])cc2)cc1|0.5|0.5|<1-3:0.5:0.5<1-4:0.5:0.5<2-3:0.5:0.5<2-4:0.5:0.5'],21.52
['[1*]CCCCOC(=O)CCCC(=O)O[2*].[3*]CCCCOC(=O)CCCC(=O)O[4*]|0.5|0.5|<1-3:0.5:0.5<1-4:0.5:0.5<2-3:0.5:0.5<2-4:0.5:0.5'],31.41
['[1*]CCCCOC(=O)CCCCCNC(=O)c1ccc(C(=O)NCCCCCC(=O)O[2*])cc1.[3*]CCCCOC(=O)CCCCCNC(=O)c1ccc(C(=O)NCCCCCC(=O)O[4*])cc1|0.5|0.5|<1-3:0.5:0.5<1-4:0.5:0.5<2-3:0.5:0.5<2-4:0.5:0.5'],31.12
['[1*]CCCOC(=O)c1ccc2cc(C(=O)O[2*])ccc2c1.[3*]CCCOC(=O)c1ccc2cc(C(=O)O[4*])ccc2c1|0.5|0.5|<1-3:0.5:0.5<1-4:0.5:0.5<2-3:0.5:0.5<2-4:0.5:0.5'],18.1
['[1*]CCOC(=O)CCCCCNC(=O)c1ccc(C(=O)NCCCCCC(=O)O[2*])cc1.[3*]CCOC(=O)CCCCCNC(=O)c1ccc(C(=O)NCCCCCC(=O)O[4*])cc1|0.5|0.5|<1-3:0.5:0.5<1-4:0.5:0.5<2-3:0.5:0.5<2-4:0.5:0.5'],17.83
['[1*]C(=O)OCCCCOC(=O)c1ccc(NC(=O)c2ccc(N3C(=O)c4ccc([2*])cc4C3=O)cc2)cc1.[3*]C(=O)OCCCCOC(=O)c1ccc(NC(=O)c2ccc(N3C(=O)c4ccc([4*])cc4C3=O)cc2)cc1|0.5|0.5|<1-3:0.5:0.5<1-4:0.5:0.5<2-3:0.5:0.5<2-4:0.5:0.5'],26.33
['[1*]C(=O)OCCCCCOC(=O)c1ccc(NC(=O)c2ccc(N3C(=O)c4ccc([2*])cc4C3=O)cc2)cc1.[3*]C(=O)OCCCCCOC(=O)c1ccc(NC(=O)c2ccc(N3C(=O)c4ccc([4*])cc4C3=O)cc2)cc1|0.5|0.5|<1-3:0.5:0.5<1-4:0.5:0.5<2-3:0.5:0.5<2-4:0.5:0.5'],19.53
['[1*]C(=O)OCCCCCCOC(=O)c1ccc(NC(=O)c2ccc(N3C(=O)c4ccc([2*])cc4C3=O)cc2)cc1.[3*]C(=O)OCCCCCCOC(=O)c1ccc(NC(=O)c2ccc(N3C(=O)c4ccc([4*])cc4C3=O)cc2)cc1|0.5|0.5|<1-3:0.5:0.5<1-4:0.5:0.5<2-3:0.5:0.5<2-4:0.5:0.5'],18.18
['[1*]C(=O)OCCCCCCCOC(=O)c1ccc(NC(=O)c2ccc(N3C(=O)c4ccc([2*])cc4C3=O)cc2)cc1.[3*]C(=O)OCCCCCCCOC(=O)c1ccc(NC(=O)c2ccc(N3C(=O)c4ccc([4*])cc4C3=O)cc2)cc1|0.5|0.5|<1-3:0.5:0.5<1-4:0.5:0.5<2-3:0.5:0.5<2-4:0.5:0.5'],20.25
['[1*]C(=O)OCCCCCCCCOC(=O)c1ccc(NC(=O)c2ccc(N3C(=O)c4ccc([2*])cc4C3=O)cc2)cc1.[3*]C(=O)OCCCCCCCCOC(=O)c1ccc(NC(=O)c2ccc(N3C(=O)c4ccc([4*])cc4C3=O)cc2)cc1|0.5|0.5|<1-3:0.5:0.5<1-4:0.5:0.5<2-3:0.5:0.5<2-4:0.5:0.5'],16.63
['[1*]C(=O)OCCCCCCCCCOC(=O)c1ccc(NC(=O)c2ccc(N3C(=O)c4ccc([2*])cc4C3=O)cc2)cc1.[3*]C(=O)OCCCCCCCCCOC(=O)c1ccc(NC(=O)c2ccc(N3C(=O)c4ccc([4*])cc4C3=O)cc2)cc1|0.5|0.5|<1-3:0.5:0.5<1-4:0.5:0.5<2-3:0.5:0.5<2-4:0.5:0.5'],15.48
['[1*]C(=O)OCCCCCCCCCCOC(=O)c1ccc(NC(=O)c2ccc(N3C(=O)c4ccc([2*])cc4C3=O)cc2)cc1.[3*]C(=O)OCCCCCCCCCCOC(=O)c1ccc(NC(=O)c2ccc(N3C(=O)c4ccc([4*])cc4C3=O)cc2)cc1|0.5|0.5|<1-3:0.5:0.5<1-4:0.5:0.5<2-3:0.5:0.5<2-4:0.5:0.5'],14.52
['[1*]C(=O)OCCCCCCCCCCCCOC(=O)c1ccc(NC(=O)c2ccc(N3C(=O)c4ccc([2*])cc4C3=O)cc2)cc1.[3*]C(=O)OCCCCCCCCCCCCOC(=O)c1ccc(NC(=O)c2ccc(N3C(=O)c4ccc([4*])cc4C3=O)cc2)cc1|0.5|0.5|<1-3:0.5:0.5<1-4:0.5:0.5<2-3:0.5:0.5<2-4:0.5:0.5'],8.62
['[1*]CCCCNC(=O)CCCCC(=O)N[2*].[3*]CCCCNC(=O)CCCCC(=O)N[4*]|0.5|0.5|<1-3:0.5:0.5<1-4:0.5:0.5<2-3:0.5:0.5<2-4:0.5:0.5'],64.85
['[1*]CCCCCC(=O)N[2*].[3*]CCCCCC(=O)N[4*]|0.5|0.5|<1-3:0.5:0.5<1-4:0.5:0.5<2-3:0.5:0.5<2-4:0.5:0.5'],35.23
['[1*]CCCCCCNC(=O)CCCCC(=O)N[2*].[3*]CCCCCCNC(=O)CCCCC(=O)N[4*]|0.5|0.5|<1-3:0.5:0.5<1-4:0.5:0.5<2-3:0.5:0.5<2-4:0.5:0.5'],40.61
['[1*]CCCCCCNC(=O)CCCCCCC(=O)N[2*].[3*]CCCCCCNC(=O)CCCCCCC(=O)N[4*]|0.5|0.5|<1-3:0.5:0.5<1-4:0.5:0.5<2-3:0.5:0.5<2-4:0.5:0.5'],62.18
['[1*]CCCCCCNC(=O)CCCCCCCC(=O)N[2*].[3*]CCCCCCNC(=O)CCCCCCCC(=O)N[4*]|0.5|0.5|<1-3:0.5:0.5<1-4:0.5:0.5<2-3:0.5:0.5<2-4:0.5:0.5'],22.04
['[1*]CCCCCCNC(=O)CCCCCCCCC(=O)N[2*].[3*]CCCCCCNC(=O)CCCCCCCCC(=O)N[4*]|0.5|0.5|<1-3:0.5:0.5<1-4:0.5:0.5<2-3:0.5:0.5<2-4:0.5:0.5'],39.56
['[1*]CCCCCCNC(=O)CCCCCCCCCCC(=O)N[2*].[3*]CCCCCCNC(=O)CCCCCCCCCCC(=O)N[4*]|0.5|0.5|<1-3:0.5:0.5<1-4:0.5:0.5<2-3:0.5:0.5<2-4:0.5:0.5'],43.53
['[1*]CCCCCCC(=O)N[2*].[3*]CCCCCCC(=O)N[4*]|0.5|0.5|<1-3:0.5:0.5<1-4:0.5:0.5<2-3:0.5:0.5<2-4:0.5:0.5'],25.57
['[1*]CCCCCCCC(=O)N[2*].[3*]CCCCCCCC(=O)N[4*]|0.5|0.5|<1-3:0.5:0.5<1-4:0.5:0.5<2-3:0.5:0.5<2-4:0.5:0.5'],48.41
['[1*]CCCCCCCCCCC(=O)N[2*].[3*]CCCCCCCCCCC(=O)N[4*]|0.5|0.5|<1-3:0.5:0.5<1-4:0.5:0.5<2-3:0.5:0.5<2-4:0.5:0.5'],24.27
['[1*]CCCCCCCCCCCC(=O)N[2*].[3*]CCCCCCCCCCCC(=O)N[4*]|0.5|0.5|<1-3:0.5:0.5<1-4:0.5:0.5<2-3:0.5:0.5<2-4:0.5:0.5'],46
['[1*]CCCCCCCCCCNC(=O)CCCCCCCCC(=O)N[2*].[3*]CCCCCCCCCCNC(=O)CCCCCCCCC(=O)N[4*]|0.5|0.5|<1-3:0.5:0.5<1-4:0.5:0.5<2-3:0.5:0.5<2-4:0.5:0.5'],40
['[1*]NC1CCC(CC2CCC(NC(=O)CCCCCCCCCCC([2*])=O)CC2)CC1.[3*]NC1CCC(CC2CCC(NC(=O)CCCCCCCCCCC([4*])=O)CC2)CC1|0.5|0.5|<1-3:0.5:0.5<1-4:0.5:0.5<2-3:0.5:0.5<2-4:0.5:0.5'],25.59
['[1*]CCCCCCNC(=O)c1cccc(C(=O)N[2*])c1.[3*]CCCCCCNC(=O)c1cccc(C(=O)N[4*])c1|0.5|0.5|<1-3:0.5:0.5<1-4:0.5:0.5<2-3:0.5:0.5<2-4:0.5:0.5'],53.05
['[1*]Cc1cccc(CNC(=O)CCCCC(=O)N[2*])c1.[3*]Cc1cccc(CNC(=O)CCCCC(=O)N[4*])c1|0.5|0.5|<1-3:0.5:0.5<1-4:0.5:0.5<2-3:0.5:0.5<2-4:0.5:0.5'],25.87
['[1*]CCCCNC(=O)CCC=CCCC(=O)N[2*].[3*]CCCCNC(=O)CCC=CCCC(=O)N[4*]|0.5|0.5|<1-3:0.5:0.5<1-4:0.5:0.5<2-3:0.5:0.5<2-4:0.5:0.5'],31.26
['[1*]C(=O)CCCCCCCCC(=O)N1CCN([2*])CC1.[3*]C(=O)CCCCCCCCC(=O)N1CCN([4*])CC1|0.5|0.5|<1-3:0.5:0.5<1-4:0.5:0.5<2-3:0.5:0.5<2-4:0.5:0.5'],52.64
['[1*]CCCCCCNC(=O)CCC=CCCC(=O)N[2*].[3*]CCCCCCNC(=O)CCC=CCCC(=O)N[4*]|0.5|0.5|<1-3:0.5:0.5<1-4:0.5:0.5<2-3:0.5:0.5<2-4:0.5:0.5'],24.7
['[1*]CCCCCCCCCCNC(=O)CCC=CCCC(=O)N[2*].[3*]CCCCCCCCCCNC(=O)CCC=CCCC(=O)N[4*]|0.5|0.5|<1-3:0.5:0.5<1-4:0.5:0.5<2-3:0.5:0.5<2-4:0.5:0.5'],32.24
['[1*]CCCCCCCCCCN1CCN(C(=O)CCCCCCCCC(=O)N2CCN([2*])CC2)CC1.[3*]CCCCCCCCCCN1CCN(C(=O)CCCCCCCCC(=O)N2CCN([4*])CC2)CC1|0.5|0.5|<1-3:0.5:0.5<1-4:0.5:0.5<2-3:0.5:0.5<2-4:0.5:0.5'],53.56
['[1*]CCCCCCCCCCNC(=O)CCCCCCCC(=O)N[2*].[3*]CCCCCCCCCCNC(=O)CCCCCCCC(=O)N[4*]|0.5|0.5|<1-3:0.5:0.5<1-4:0.5:0.5<2-3:0.5:0.5<2-4:0.5:0.5'],50.69
['[1*]CC(C)(C)C(=O)N[2*].[3*]CC(C)(C)C(=O)N[4*]|0.5|0.5|<1-3:0.5:0.5<1-4:0.5:0.5<2-3:0.5:0.5<2-4:0.5:0.5'],33.22
['[1*]CCCC(=O)N[2*].[3*]CCCC(=O)N[4*]|0.5|0.5|<1-3:0.5:0.5<1-4:0.5:0.5<2-3:0.5:0.5<2-4:0.5:0.5'],38.13
['[1*]CCCCCNC(=O)CCCCCC(=O)N[2*].[3*]CCCCCNC(=O)CCCCCC(=O)N[4*]|0.5|0.5|<1-3:0.5:0.5<1-4:0.5:0.5<2-3:0.5:0.5<2-4:0.5:0.5'],38.39
['[1*]CCCNC(=O)CCC=CCCC(=O)N[2*].[3*]CCCNC(=O)CCC=CCCC(=O)N[4*]|0.5|0.5|<1-3:0.5:0.5<1-4:0.5:0.5<2-3:0.5:0.5<2-4:0.5:0.5'],35.72
['[1*]CCCCCNC(=O)CCC=CCCC(=O)N[2*].[3*]CCCCCNC(=O)CCC=CCCC(=O)N[4*]|0.5|0.5|<1-3:0.5:0.5<1-4:0.5:0.5<2-3:0.5:0.5<2-4:0.5:0.5'],26.16
['[1*]CCCCCCCNC(=O)CCC=CCCC(=O)N[2*].[3*]CCCCCCCNC(=O)CCC=CCCC(=O)N[4*]|0.5|0.5|<1-3:0.5:0.5<1-4:0.5:0.5<2-3:0.5:0.5<2-4:0.5:0.5'],28.31
['[1*]CCCCCCCCNC(=O)CCC=CCCC(=O)N[2*].[3*]CCCCCCCCNC(=O)CCC=CCCC(=O)N[4*]|0.5|0.5|<1-3:0.5:0.5<1-4:0.5:0.5<2-3:0.5:0.5<2-4:0.5:0.5'],22.55
['[1*]CCCCCCCCCNC(=O)CCC=CCCC(=O)N[2*].[3*]CCCCCCCCCNC(=O)CCC=CCCC(=O)N[4*]|0.5|0.5|<1-3:0.5:0.5<1-4:0.5:0.5<2-3:0.5:0.5<2-4:0.5:0.5'],27.48
['[1*]CCCCNC(=O)c1ccc(C(=O)N[2*])cc1.[3*]CCCCNC(=O)c1ccc(C(=O)N[4*])cc1|0.5|0.5|<1-3:0.5:0.5<1-4:0.5:0.5<2-3:0.5:0.5<2-4:0.5:0.5'],94.18
['[1*]CCCCCCNC(=O)CCc1ccc(CCC(=O)N[2*])cc1.[3*]CCCCCCNC(=O)CCc1ccc(CCC(=O)N[4*])cc1|0.5|0.5|<1-3:0.5:0.5<1-4:0.5:0.5<2-3:0.5:0.5<2-4:0.5:0.5'],44.13
['[1*]Nc1cccc(NC(=O)CCCCC([2*])=O)c1.[3*]Nc1cccc(NC(=O)CCCCC([4*])=O)c1|0.5|0.5|<1-3:0.5:0.5<1-4:0.5:0.5<2-3:0.5:0.5<2-4:0.5:0.5'],46.36
['[1*]CCCCCCNC(=O)C(=O)N[2*].[3*]CCCCCCNC(=O)C(=O)N[4*]|0.5|0.5|<1-3:0.5:0.5<1-4:0.5:0.5<2-3:0.5:0.5<2-4:0.5:0.5'],62.02
['[1*]C(=O)CCC=CCCC(=O)N1CCN([2*])CC1.[3*]C(=O)CCC=CCCC(=O)N1CCN([4*])CC1|0.5|0.5|<1-3:0.5:0.5<1-4:0.5:0.5<2-3:0.5:0.5<2-4:0.5:0.5'],33.97
['[1*]CC1CCCC(CNC(=O)CCCCC(=O)N[2*])C1.[3*]CC1CCCC(CNC(=O)CCCCC(=O)N[4*])C1|0.5|0.5|<1-3:0.5:0.5<1-4:0.5:0.5<2-3:0.5:0.5<2-4:0.5:0.5'],5.67
['[1*]NC1CCC(CC2CCC(NC(=O)CCCCCCCCCCCCC([2*])=O)CC2)CC1.[3*]NC1CCC(CC2CCC(NC(=O)CCCCCCCCCCCCC([4*])=O)CC2)CC1|0.5|0.5|<1-3:0.5:0.5<1-4:0.5:0.5<2-3:0.5:0.5<2-4:0.5:0.5'],12.75
['[1*]CCCCCCCCCCCCNC(=O)CCP(C)(=O)CCC(=O)N[2*].[3*]CCCCCCCCCCCCNC(=O)CCP(C)(=O)CCC(=O)N[4*]|0.5|0.5|<1-3:0.5:0.5<1-4:0.5:0.5<2-3:0.5:0.5<2-4:0.5:0.5'],9.73
['[1*]CCCCCCCCCCNC(=O)C(CCCCCCCCCCCC)C(=O)N[2*].[3*]CCCCCCCCCCNC(=O)C(CCCCCCCCCCCC)C(=O)N[4*]|0.5|0.5|<1-3:0.5:0.5<1-4:0.5:0.5<2-3:0.5:0.5<2-4:0.5:0.5'],13.71
['[1*]CCCCCCNC(=O)C(CCCC)C(=O)N[2*].[3*]CCCCCCNC(=O)C(CCCC)C(=O)N[4*]|0.5|0.5|<1-3:0.5:0.5<1-4:0.5:0.5<2-3:0.5:0.5<2-4:0.5:0.5'],21.85
['[1*]CCCCCCNC(=O)C(CCCCCCCCCC)C(=O)N[2*].[3*]CCCCCCNC(=O)C(CCCCCCCCCC)C(=O)N[4*]|0.5|0.5|<1-3:0.5:0.5<1-4:0.5:0.5<2-3:0.5:0.5<2-4:0.5:0.5'],23.23
['[1*]CCCCCCNC(=O)C(CCCCCCCCCCCC)C(=O)N[2*].[3*]CCCCCCNC(=O)C(CCCCCCCCCCCC)C(=O)N[4*]|0.5|0.5|<1-3:0.5:0.5<1-4:0.5:0.5<2-3:0.5:0.5<2-4:0.5:0.5'],32.76
['[1*]CCCCCCNC(=O)C(CCCCCCCCCCCCCCCCC)C(=O)N[2*].[3*]CCCCCCNC(=O)C(CCCCCCCCCCCCCCCCC)C(=O)N[4*]|0.5|0.5|<1-3:0.5:0.5<1-4:0.5:0.5<2-3:0.5:0.5<2-4:0.5:0.5'],53.53
['[1*]CCCCCCNC(=O)C(CCCCCCC)C(=O)N[2*].[3*]CCCCCCNC(=O)C(CCCCCCC)C(=O)N[4*]|0.5|0.5|<1-3:0.5:0.5<1-4:0.5:0.5<2-3:0.5:0.5<2-4:0.5:0.5'],11.47
['[1*]CCCCCCNC(=O)C(CCCCCCCCCCCCCCCC)C(=O)N[2*].[3*]CCCCCCNC(=O)C(CCCCCCCCCCCCCCCC)C(=O)N[4*]|0.5|0.5|<1-3:0.5:0.5<1-4:0.5:0.5<2-3:0.5:0.5<2-4:0.5:0.5'],38.94
['[1*]CCCCCCNC(=O)C(CCCCCC)C(=O)N[2*].[3*]CCCCCCNC(=O)C(CCCCCC)C(=O)N[4*]|0.5|0.5|<1-3:0.5:0.5<1-4:0.5:0.5<2-3:0.5:0.5<2-4:0.5:0.5'],17.72
['[1*]CCCCCCNC(=O)C(CCCCCCCCC)C(=O)N[2*].[3*]CCCCCCNC(=O)C(CCCCCCCCC)C(=O)N[4*]|0.5|0.5|<1-3:0.5:0.5<1-4:0.5:0.5<2-3:0.5:0.5<2-4:0.5:0.5'],21.64
['[1*]CCCCCCNC(=O)C(CCCCCCCCCCCCCCCCCC)C(=O)N[2*].[3*]CCCCCCNC(=O)C(CCCCCCCCCCCCCCCCCC)C(=O)N[4*]|0.5|0.5|<1-3:0.5:0.5<1-4:0.5:0.5<2-3:0.5:0.5<2-4:0.5:0.5'],52.69
['[1*]CCCCCCNC(=O)C(CCCCCCCC)C(=O)N[2*].[3*]CCCCCCNC(=O)C(CCCCCCCC)C(=O)N[4*]|0.5|0.5|<1-3:0.5:0.5<1-4:0.5:0.5<2-3:0.5:0.5<2-4:0.5:0.5'],21.95
['[1*]CCCCCCNC(=O)C(CCCCCCCCCCCCCCC)C(=O)N[2*].[3*]CCCCCCNC(=O)C(CCCCCCCCCCCCCCC)C(=O)N[4*]|0.5|0.5|<1-3:0.5:0.5<1-4:0.5:0.5<2-3:0.5:0.5<2-4:0.5:0.5'],42.36
['[1*]CCCCCCNC(=O)C(CCCCC)C(=O)N[2*].[3*]CCCCCCNC(=O)C(CCCCC)C(=O)N[4*]|0.5|0.5|<1-3:0.5:0.5<1-4:0.5:0.5<2-3:0.5:0.5<2-4:0.5:0.5'],21.49
['[1*]CCCCCCNC(=O)C(CCC)C(=O)N[2*].[3*]CCCCCCNC(=O)C(CCC)C(=O)N[4*]|0.5|0.5|<1-3:0.5:0.5<1-4:0.5:0.5<2-3:0.5:0.5<2-4:0.5:0.5'],21.03
['[1*]CCCCCCNC(=O)C(CCCCCCCCCCCCCC)C(=O)N[2*].[3*]CCCCCCNC(=O)C(CCCCCCCCCCCCCC)C(=O)N[4*]|0.5|0.5|<1-3:0.5:0.5<1-4:0.5:0.5<2-3:0.5:0.5<2-4:0.5:0.5'],30.58
['[1*]CCCCCCNC(=O)C(CCCCCCCCCCCCC)C(=O)N[2*].[3*]CCCCCCNC(=O)C(CCCCCCCCCCCCC)C(=O)N[4*]|0.5|0.5|<1-3:0.5:0.5<1-4:0.5:0.5<2-3:0.5:0.5<2-4:0.5:0.5'],33.12
['[1*]CCCCCCNC(=O)C(CCCCCCCCCCC)C(=O)N[2*].[3*]CCCCCCNC(=O)C(CCCCCCCCCCC)C(=O)N[4*]|0.5|0.5|<1-3:0.5:0.5<1-4:0.5:0.5<2-3:0.5:0.5<2-4:0.5:0.5'],28.87
['[1*]CCCCCCNC(=O)CC(C)(C)c1ccc(C(C)(C)CC(=O)N[2*])cc1.[3*]CCCCCCNC(=O)CC(C)(C)c1ccc(C(C)(C)CC(=O)N[4*])cc1|0.5|0.5|<1-3:0.5:0.5<1-4:0.5:0.5<2-3:0.5:0.5<2-4:0.5:0.5'],4.38
['[1*]CCCCCCNC(=O)CC(C)c1ccc(C(C)CC(=O)N[2*])cc1.[3*]CCCCCCNC(=O)CC(C)c1ccc(C(C)CC(=O)N[4*])cc1|0.5|0.5|<1-3:0.5:0.5<1-4:0.5:0.5<2-3:0.5:0.5<2-4:0.5:0.5'],11.87
['[1*]CCCCCCCCCNC(=O)C(CCCCCCCCCCCC)C(=O)N[2*].[3*]CCCCCCCCCNC(=O)C(CCCCCCCCCCCC)C(=O)N[4*]|0.5|0.5|<1-3:0.5:0.5<1-4:0.5:0.5<2-3:0.5:0.5<2-4:0.5:0.5'],14.55
['[1*]CCCCCCCCNC(=O)C(CCCCCCCCCCCC)C(=O)N[2*].[3*]CCCCCCCCNC(=O)C(CCCCCCCCCCCC)C(=O)N[4*]|0.5|0.5|<1-3:0.5:0.5<1-4:0.5:0.5<2-3:0.5:0.5<2-4:0.5:0.5'],13.79
['[1*]CCCCCNC(=O)C(CCCCCCCCCCCC)C(=O)N[2*].[3*]CCCCCNC(=O)C(CCCCCCCCCCCC)C(=O)N[4*]|0.5|0.5|<1-3:0.5:0.5<1-4:0.5:0.5<2-3:0.5:0.5<2-4:0.5:0.5'],19.52
['[1*]CCCCNC(=O)C(CCCCCCCCCCCC)C(=O)N[2*].[3*]CCCCNC(=O)C(CCCCCCCCCCCC)C(=O)N[4*]|0.5|0.5|<1-3:0.5:0.5<1-4:0.5:0.5<2-3:0.5:0.5<2-4:0.5:0.5'],39.95
['[1*]CCCCCCCNC(=O)C(CCCCCCCCCCCC)C(=O)N[2*].[3*]CCCCCCCNC(=O)C(CCCCCCCCCCCC)C(=O)N[4*]|0.5|0.5|<1-3:0.5:0.5<1-4:0.5:0.5<2-3:0.5:0.5<2-4:0.5:0.5'],15.71
['[1*]CCCCCCNC(=O)CCCCC(=O)NCC(=O)N[2*].[3*]CCCCCCNC(=O)CCCCC(=O)NCC(=O)N[4*]|0.5|0.5|<1-3:0.5:0.5<1-4:0.5:0.5<2-3:0.5:0.5<2-4:0.5:0.5'],35.31
['[1*]CCCCCNC(=O)O[2*].[3*]CCCCCNC(=O)O[4*]|0.5|0.5|<1-3:0.5:0.5<1-4:0.5:0.5<2-3:0.5:0.5<2-4:0.5:0.5'],73.38
['[1*]CCOC(=O)NCCCCCCNC(=O)O[2*].[3*]CCOC(=O)NCCCCCCNC(=O)O[4*]|0.5|0.5|<1-3:0.5:0.5<1-4:0.5:0.5<2-3:0.5:0.5<2-4:0.5:0.5'],21.16
['[1*]CCCOC(=O)NCCCCCCNC(=O)O[2*].[3*]CCCOC(=O)NCCCCCCNC(=O)O[4*]|0.5|0.5|<1-3:0.5:0.5<1-4:0.5:0.5<2-3:0.5:0.5<2-4:0.5:0.5'],28.37
['[1*]CCCCOC(=O)NCCCCCCNC(=O)O[2*].[3*]CCCCOC(=O)NCCCCCCNC(=O)O[4*]|0.5|0.5|<1-3:0.5:0.5<1-4:0.5:0.5<2-3:0.5:0.5<2-4:0.5:0.5'],44.03
['[1*]CCCCCOC(=O)NCCCCCCNC(=O)O[2*].[3*]CCCCCOC(=O)NCCCCCCNC(=O)O[4*]|0.5|0.5|<1-3:0.5:0.5<1-4:0.5:0.5<2-3:0.5:0.5<2-4:0.5:0.5'],27.33
['[1*]CCCCCCOC(=O)NCCCCCCNC(=O)O[2*].[3*]CCCCCCOC(=O)NCCCCCCNC(=O)O[4*]|0.5|0.5|<1-3:0.5:0.5<1-4:0.5:0.5<2-3:0.5:0.5<2-4:0.5:0.5'],37.25
['[1*]CCCCCCCOC(=O)NCCCCCCNC(=O)O[2*].[3*]CCCCCCCOC(=O)NCCCCCCNC(=O)O[4*]|0.5|0.5|<1-3:0.5:0.5<1-4:0.5:0.5<2-3:0.5:0.5<2-4:0.5:0.5'],30.32
['[1*]CCCCCCCCOC(=O)NCCCCCCNC(=O)O[2*].[3*]CCCCCCCCOC(=O)NCCCCCCNC(=O)O[4*]|0.5|0.5|<1-3:0.5:0.5<1-4:0.5:0.5<2-3:0.5:0.5<2-4:0.5:0.5'],30.53
['[1*]CCCCCCCCCOC(=O)NCCCCCCNC(=O)O[2*].[3*]CCCCCCCCCOC(=O)NCCCCCCNC(=O)O[4*]|0.5|0.5|<1-3:0.5:0.5<1-4:0.5:0.5<2-3:0.5:0.5<2-4:0.5:0.5'],30.17
['[1*]CCCCCCCCCCOC(=O)NCCCCCCNC(=O)O[2*].[3*]CCCCCCCCCCOC(=O)NCCCCCCNC(=O)O[4*]|0.5|0.5|<1-3:0.5:0.5<1-4:0.5:0.5<2-3:0.5:0.5<2-4:0.5:0.5'],27.21
['[1*]CC(F)(F)C(F)(F)COC(=O)NCCCCCCNC(=O)O[2*].[3*]CC(F)(F)C(F)(F)COC(=O)NCCCCCCNC(=O)O[4*]|0.5|0.5|<1-3:0.5:0.5<1-4:0.5:0.5<2-3:0.5:0.5<2-4:0.5:0.5'],36.03
['[1*]CCCOC(=O)Nc1ccc(Cc2ccc(NC(=O)O[2*])cc2)cc1.[3*]CCCOC(=O)Nc1ccc(Cc2ccc(NC(=O)O[4*])cc2)cc1|0.5|0.5|<1-3:0.5:0.5<1-4:0.5:0.5<2-3:0.5:0.5<2-4:0.5:0.5'],47.76
['[1*]CCCCOC(=O)Nc1ccc(Cc2ccc(NC(=O)O[2*])cc2)cc1.[3*]CCCCOC(=O)Nc1ccc(Cc2ccc(NC(=O)O[4*])cc2)cc1|0.5|0.5|<1-3:0.5:0.5<1-4:0.5:0.5<2-3:0.5:0.5<2-4:0.5:0.5'],52.18
['[1*]CCCCCOC(=O)Nc1ccc(Cc2ccc(NC(=O)O[2*])cc2)cc1.[3*]CCCCCOC(=O)Nc1ccc(Cc2ccc(NC(=O)O[4*])cc2)cc1|0.5|0.5|<1-3:0.5:0.5<1-4:0.5:0.5<2-3:0.5:0.5<2-4:0.5:0.5'],29.45
['[1*]CCCCCCOC(=O)Nc1ccc(Cc2ccc(NC(=O)O[2*])cc2)cc1.[3*]CCCCCCOC(=O)Nc1ccc(Cc2ccc(NC(=O)O[4*])cc2)cc1|0.5|0.5|<1-3:0.5:0.5<1-4:0.5:0.5<2-3:0.5:0.5<2-4:0.5:0.5'],32.31
['[1*]CCCCCCCOC(=O)Nc1ccc(Cc2ccc(NC(=O)O[2*])cc2)cc1.[3*]CCCCCCCOC(=O)Nc1ccc(Cc2ccc(NC(=O)O[4*])cc2)cc1|0.5|0.5|<1-3:0.5:0.5<1-4:0.5:0.5<2-3:0.5:0.5<2-4:0.5:0.5'],23.05
['[1*]CCCCCCCCOC(=O)Nc1ccc(Cc2ccc(NC(=O)O[2*])cc2)cc1.[3*]CCCCCCCCOC(=O)Nc1ccc(Cc2ccc(NC(=O)O[4*])cc2)cc1|0.5|0.5|<1-3:0.5:0.5<1-4:0.5:0.5<2-3:0.5:0.5<2-4:0.5:0.5'],36.98
['[1*]CCCCCCCCCOC(=O)Nc1ccc(Cc2ccc(NC(=O)O[2*])cc2)cc1.[3*]CCCCCCCCCOC(=O)Nc1ccc(Cc2ccc(NC(=O)O[4*])cc2)cc1|0.5|0.5|<1-3:0.5:0.5<1-4:0.5:0.5<2-3:0.5:0.5<2-4:0.5:0.5'],31.26
['[1*]CCCCCCCCCCOC(=O)Nc1ccc(Cc2ccc(NC(=O)O[2*])cc2)cc1.[3*]CCCCCCCCCCOC(=O)Nc1ccc(Cc2ccc(NC(=O)O[4*])cc2)cc1|0.5|0.5|<1-3:0.5:0.5<1-4:0.5:0.5<2-3:0.5:0.5<2-4:0.5:0.5'],23.4
['[1*]CCCCCCCCCCCCCNC(=O)CCCCCCCCCCCC(=O)N[2*].[3*]CCCCCCCCCCCCCNC(=O)CCCCCCCCCCCC(=O)N[4*]|0.5|0.5|<1-3:0.5:0.5<1-4:0.5:0.5<2-3:0.5:0.5<2-4:0.5:0.5'],30.22
['[1*]CCCCCCNC(=O)N[2*].[3*]CCCCCCNC(=O)N[4*]|0.5|0.5|<1-3:0.5:0.5<1-4:0.5:0.5<2-3:0.5:0.5<2-4:0.5:0.5'],49.48
['[1*]CCCCCCCNC(=O)N[2*].[3*]CCCCCCCNC(=O)N[4*]|0.5|0.5|<1-3:0.5:0.5<1-4:0.5:0.5<2-3:0.5:0.5<2-4:0.5:0.5'],33.27
['[1*]OC(=O)CCCCC([2*])=O.[3*]OC(=O)CCCCC([4*])=O|0.5|0.5|<1-3:0.5:0.5<1-4:0.5:0.5<2-3:0.5:0.5<2-4:0.5:0.5'],96.83
['[1*]OC(=O)CCCCCCCCC([2*])=O.[3*]OC(=O)CCCCCCCCC([4*])=O|0.5|0.5|<1-3:0.5:0.5<1-4:0.5:0.5<2-3:0.5:0.5<2-4:0.5:0.5'],83.87
['[1*]CCCCCCOC(=O)O[2*].[3*]CCCCCCOC(=O)O[4*]|0.5|0.5|<1-3:0.5:0.5<1-4:0.5:0.5<2-3:0.5:0.5<2-4:0.5:0.5'],31.95
['[1*]Oc1ccc(C(C)(C)c2ccc(OC([2*])=O)cc2)cc1.[3*]Oc1ccc(C(C)(C)c2ccc(OC([4*])=O)cc2)cc1|0.5|0.5|<1-3:0.5:0.5<1-4:0.5:0.5<2-3:0.5:0.5<2-4:0.5:0.5'],16.83
['[1*]Oc1ccc(C(C)=NN=C(C)c2ccc(OC(=O)OCCCCCCOC([2*])=O)cc2)cc1.[3*]Oc1ccc(C(C)=NN=C(C)c2ccc(OC(=O)OCCCCCCOC([4*])=O)cc2)cc1|0.5|0.5|<1-3:0.5:0.5<1-4:0.5:0.5<2-3:0.5:0.5<2-4:0.5:0.5'],44.64
['[1*]Oc1ccc(C(C)=NN=C(C)c2ccc(OC(=O)OCCCCCCCCOC([2*])=O)cc2)cc1.[3*]Oc1ccc(C(C)=NN=C(C)c2ccc(OC(=O)OCCCCCCCCOC([4*])=O)cc2)cc1|0.5|0.5|<1-3:0.5:0.5<1-4:0.5:0.5<2-3:0.5:0.5<2-4:0.5:0.5'],34.42
['[1*]Oc1ccc(C(C)=NN=C(C)c2ccc(OC(=O)OCCCCCCCCCCOC([2*])=O)cc2)cc1.[3*]Oc1ccc(C(C)=NN=C(C)c2ccc(OC(=O)OCCCCCCCCCCOC([4*])=O)cc2)cc1|0.5|0.5|<1-3:0.5:0.5<1-4:0.5:0.5<2-3:0.5:0.5<2-4:0.5:0.5'],28.99
['[1*]Oc1ccc(C(C)=NN=C(C)c2ccc(OC(=O)OCCCCCCCCCCCCOC([2*])=O)cc2)cc1.[3*]Oc1ccc(C(C)=NN=C(C)c2ccc(OC(=O)OCCCCCCCCCCCCOC([4*])=O)cc2)cc1|0.5|0.5|<1-3:0.5:0.5<1-4:0.5:0.5<2-3:0.5:0.5<2-4:0.5:0.5'],23.17
['[1*]CCCCOC(=O)O[2*].[3*]CCCCOC(=O)O[4*]|0.5|0.5|<1-3:0.5:0.5<1-4:0.5:0.5<2-3:0.5:0.5<2-4:0.5:0.5'],64.6
['[1*]CCCCCCCCCCOC(=O)O[2*].[3*]CCCCCCCCCCOC(=O)O[4*]|0.5|0.5|<1-3:0.5:0.5<1-4:0.5:0.5<2-3:0.5:0.5<2-4:0.5:0.5'],44.07
['[1*]CCCCCOC(=O)O[2*].[3*]CCCCCOC(=O)O[4*]|0.5|0.5|<1-3:0.5:0.5<1-4:0.5:0.5<2-3:0.5:0.5<2-4:0.5:0.5'],15.11
['[1*]CCC([2*])=O.[3*]CCC([4*])=O|0.5|0.5|<1-3:0.5:0.5<1-4:0.5:0.5<2-3:0.5:0.5<2-4:0.5:0.5'],93.5
['[1*]CCC1CC([2*])C2CCCC12.[3*]CCC1CC([4*])C2CCCC12|0.5|0.5|<1-3:0.5:0.5<1-4:0.5:0.5<2-3:0.5:0.5<2-4:0.5:0.5'],23.26
['[1*]CCC1CCC([2*])C1.[3*]CCC1CCC([4*])C1|0.5|0.5|<1-3:0.5:0.5<1-4:0.5:0.5<2-3:0.5:0.5<2-4:0.5:0.5'],23.52
['[1*]CCC1CC([2*])C2C3CCC(C3)C12.[3*]CCC1CC([4*])C2C3CCC(C3)C12|0.5|0.5|<1-3:0.5:0.5<1-4:0.5:0.5<2-3:0.5:0.5<2-4:0.5:0.5'],10.18
['[1*]CC([2*])c1ccc(S(=O)(=O)O)cc1.[3*]CC([4*])c1ccc(S(=O)(=O)O)cc1|0.5|0.5|<1-3:0.5:0.5<1-4:0.5:0.5<2-3:0.5:0.5<2-4:0.5:0.5'],11
['[1*]C=CCCCCCCC(Cl)CCCCCC[2*].[3*]C=CCCCCCCC(Cl)CCCCCC[4*]|0.5|0.5|<1-3:0.5:0.5<1-4:0.5:0.5<2-3:0.5:0.5<2-4:0.5:0.5'],11.79
['[1*]C=CCCCCCCCCCC(Cl)CCCCCCCCC[2*].[3*]C=CCCCCCCCCCC(Cl)CCCCCCCCC[4*]|0.5|0.5|<1-3:0.5:0.5<1-4:0.5:0.5<2-3:0.5:0.5<2-4:0.5:0.5'],27.65
['[1*]CCCCCCCCCCCCCCCCCCCCC([2*])COCCOCCOCCOCCOCc1ccc2ccc3cccc4ccc1c2c34.[3*]CCCCCCCCCCCCCCCCCCCCC([4*])COCCOCCOCCOCCOCc1ccc2ccc3cccc4ccc1c2c34|0.5|0.5|<1-3:0.5:0.5<1-4:0.5:0.5<2-3:0.5:0.5<2-4:0.5:0.5'],13.63
['[1*]C=CCCCCCCCCCC(CCCCCCCCC[2*])COCCOCCOCCOCCOCCCCCC.[3*]C=CCCCCCCCCCC(CCCCCCCCC[4*])COCCOCCOCCOCCOCCCCCC|0.5|0.5|<1-3:0.5:0.5<1-4:0.5:0.5<2-3:0.5:0.5<2-4:0.5:0.5'],8.9
['[1*]C=CCCCCCCCCCC(CCCCCCCCC[2*])COCCOCCOCCOCCOCCCCCCCCCCCCCC.[3*]C=CCCCCCCCCCC(CCCCCCCCC[4*])COCCOCCOCCOCCOCCCCCCCCCCCCCC|0.5|0.5|<1-3:0.5:0.5<1-4:0.5:0.5<2-3:0.5:0.5<2-4:0.5:0.5'],20.64
['[1*]CCCCCCCCCCCCCCCCCCCCC([2*])COCCOCCOCCOCCOCCCCCCCCCCCCCC.[3*]CCCCCCCCCCCCCCCCCCCCC([4*])COCCOCCOCCOCCOCCCCCCCCCCCCCC|0.5|0.5|<1-3:0.5:0.5<1-4:0.5:0.5<2-3:0.5:0.5<2-4:0.5:0.5'],28
['[1*]CC([2*])(C)C(=O)NCCCCCCCCCCC(=O)NCCCCCCCCCCC(=O)OC.[3*]CC([4*])(C)C(=O)NCCCCCCCCCCC(=O)NCCCCCCCCCCC(=O)OC|0.5|0.5|<1-3:0.5:0.5<1-4:0.5:0.5<2-3:0.5:0.5<2-4:0.5:0.5'],10.57
['[1*]CC([2*])(C)C(=O)NCCCCCCCCCCC(=O)NCCCCCCCCCCC(=O)O.[3*]CC([4*])(C)C(=O)NCCCCCCCCCCC(=O)NCCCCCCCCCCC(=O)O|0.5|0.5|<1-3:0.5:0.5<1-4:0.5:0.5<2-3:0.5:0.5<2-4:0.5:0.5'],12.52
['[1*]CC([2*])C(=O)OCCCCCCCCCCCN1C(=O)c2ccc3c4ccc5c6c(ccc(c7ccc(c2c37)C1=O)c64)C(=O)N(C(CCCCCCC)CCCCCCC)C5=O.[3*]CC([4*])C(=O)OCCCCCCCCCCCN1C(=O)c2ccc3c4ccc5c6c(ccc(c7ccc(c2c37)C1=O)c64)C(=O)N(C(CCCCCCC)CCCCCCC)C5=O|0.5|0.5|<1-3:0.5:0.5<1-4:0.5:0.5<2-3:0.5:0.5<2-4:0.5:0.5'],6.12
['[1*]CCCCCCCCCCCCCCC([2*])Cl.[3*]CCCCCCCCCCCCCCC([4*])Cl|0.5|0.5|<1-3:0.5:0.5<1-4:0.5:0.5<2-3:0.5:0.5<2-4:0.5:0.5'],10.35
['[1*]CCCCCCCCCCCCCCCCCCCCC([2*])Cl.[3*]CCCCCCCCCCCCCCCCCCCCC([4*])Cl|0.5|0.5|<1-3:0.5:0.5<1-4:0.5:0.5<2-3:0.5:0.5<2-4:0.5:0.5'],41.96
['[1*]C=CC1CC([2*])C2CC=CC12.[3*]C=CC1CC([4*])C2CC=CC12|0.5|0.5|<1-3:0.5:0.5<1-4:0.5:0.5<2-3:0.5:0.5<2-4:0.5:0.5'],41.11
['[1*]Oc1cccc(OC(=O)c2ccc(Oc3ccc(C([2*])=O)cc3)cc2)c1.[3*]Oc1cccc(OC(=O)c2ccc(Oc3ccc(C([4*])=O)cc3)cc2)c1|0.5|0.5|<1-3:0.5:0.5<1-4:0.5:0.5<2-3:0.5:0.5<2-4:0.5:0.5'],26.83
['[1*]Oc1ccc(-c2ccc(OC(=O)c3cccc(Oc4cccc(C([2*])=O)c4)c3)cc2)cc1.[3*]Oc1ccc(-c2ccc(OC(=O)c3cccc(Oc4cccc(C([4*])=O)c4)c3)cc2)cc1|0.5|0.5|<1-3:0.5:0.5<1-4:0.5:0.5<2-3:0.5:0.5<2-4:0.5:0.5'],73.55
['[1*]Oc1ccc(Oc2ccc(Oc3ccc(Oc4ccc(OC(=O)c5cccc(C([2*])=O)c5)cc4)cc3)cc2)cc1.[3*]Oc1ccc(Oc2ccc(Oc3ccc(Oc4ccc(OC(=O)c5cccc(C([4*])=O)c5)cc4)cc3)cc2)cc1|0.5|0.5|<1-3:0.5:0.5<1-4:0.5:0.5<2-3:0.5:0.5<2-4:0.5:0.5'],64.24
['[1*]Oc1ccc(Oc2ccc(OC(=O)c3ccc(Oc4ccc(C([2*])=O)cc4)cc3)cc2)cc1.[3*]Oc1ccc(Oc2ccc(OC(=O)c3ccc(Oc4ccc(C([4*])=O)cc4)cc3)cc2)cc1|0.5|0.5|<1-3:0.5:0.5<1-4:0.5:0.5<2-3:0.5:0.5<2-4:0.5:0.5'],55.4
['[1*]Oc1ccc(Oc2ccc(Oc3ccc(OC(=O)c4ccc(Oc5ccc(C([2*])=O)cc5)cc4)cc3)cc2)cc1.[3*]Oc1ccc(Oc2ccc(Oc3ccc(OC(=O)c4ccc(Oc5ccc(C([4*])=O)cc5)cc4)cc3)cc2)cc1|0.5|0.5|<1-3:0.5:0.5<1-4:0.5:0.5<2-3:0.5:0.5<2-4:0.5:0.5'],79.04
['[1*]Oc1ccc(Oc2ccc(Oc3ccc(Oc4ccc(OC(=O)c5ccc(Oc6ccc(C([2*])=O)cc6)cc5)cc4)cc3)cc2)cc1.[3*]Oc1ccc(Oc2ccc(Oc3ccc(Oc4ccc(OC(=O)c5ccc(Oc6ccc(C([4*])=O)cc6)cc5)cc4)cc3)cc2)cc1|0.5|0.5|<1-3:0.5:0.5<1-4:0.5:0.5<2-3:0.5:0.5<2-4:0.5:0.5'],41.49
['[1*]Oc1ccc(Oc2ccc(OC(=O)c3ccc(Oc4ccc(Oc5ccc(C([2*])=O)cc5)cc4)cc3)cc2)cc1.[3*]Oc1ccc(Oc2ccc(OC(=O)c3ccc(Oc4ccc(Oc5ccc(C([4*])=O)cc5)cc4)cc3)cc2)cc1|0.5|0.5|<1-3:0.5:0.5<1-4:0.5:0.5<2-3:0.5:0.5<2-4:0.5:0.5'],48.89
['[1*]Oc1ccc(Oc2ccc(Oc3ccc(OC(=O)c4ccc(Oc5ccc(Oc6ccc(C([2*])=O)cc6)cc5)cc4)cc3)cc2)cc1.[3*]Oc1ccc(Oc2ccc(Oc3ccc(OC(=O)c4ccc(Oc5ccc(Oc6ccc(C([4*])=O)cc6)cc5)cc4)cc3)cc2)cc1|0.5|0.5|<1-3:0.5:0.5<1-4:0.5:0.5<2-3:0.5:0.5<2-4:0.5:0.5'],76.73
['[1*]Oc1ccc(Oc2ccc(Oc3ccc(Oc4ccc(OC(=O)c5ccc(Oc6ccc(Oc7ccc(C([2*])=O)cc7)cc6)cc5)cc4)cc3)cc2)cc1.[3*]Oc1ccc(Oc2ccc(Oc3ccc(Oc4ccc(OC(=O)c5ccc(Oc6ccc(Oc7ccc(C([4*])=O)cc7)cc6)cc5)cc4)cc3)cc2)cc1|0.5|0.5|<1-3:0.5:0.5<1-4:0.5:0.5<2-3:0.5:0.5<2-4:0.5:0.5'],30.44
['[1*]Oc1ccc(Oc2cccc(C(=O)Oc3ccc(OC(=O)c4cccc([2*])c4)cc3)c2)cc1.[3*]Oc1ccc(Oc2cccc(C(=O)Oc3ccc(OC(=O)c4cccc([4*])c4)cc3)c2)cc1|0.5|0.5|<1-3:0.5:0.5<1-4:0.5:0.5<2-3:0.5:0.5<2-4:0.5:0.5'],44.88
['[1*]Oc1ccc(Oc2cccc(C(=O)Oc3ccc(-c4ccc(OC(=O)c5cccc([2*])c5)cc4)cc3)c2)cc1.[3*]Oc1ccc(Oc2cccc(C(=O)Oc3ccc(-c4ccc(OC(=O)c5cccc([4*])c5)cc4)cc3)c2)cc1|0.5|0.5|<1-3:0.5:0.5<1-4:0.5:0.5<2-3:0.5:0.5<2-4:0.5:0.5'],57.07
['[1*]Oc1ccc(OC(=O)c2cccc(Oc3ccc(-c4ccc(Oc5cccc(C([2*])=O)c5)cc4)cc3)c2)cc1.[3*]Oc1ccc(OC(=O)c2cccc(Oc3ccc(-c4ccc(Oc5cccc(C([4*])=O)c5)cc4)cc3)c2)cc1|0.5|0.5|<1-3:0.5:0.5<1-4:0.5:0.5<2-3:0.5:0.5<2-4:0.5:0.5'],56.34
['[1*]Oc1cccc(Oc2ccc(Oc3cccc(OC(=O)c4ccc(C([2*])=O)cc4)c3)cc2)c1.[3*]Oc1cccc(Oc2ccc(Oc3cccc(OC(=O)c4ccc(C([4*])=O)cc4)c3)cc2)c1|0.5|0.5|<1-3:0.5:0.5<1-4:0.5:0.5<2-3:0.5:0.5<2-4:0.5:0.5'],18.79
['[1*]Oc1cccc(Oc2ccc(Oc3cccc(OC(=O)c4ccc(-c5ccc(C([2*])=O)cc5)cc4)c3)cc2)c1.[3*]Oc1cccc(Oc2ccc(Oc3cccc(OC(=O)c4ccc(-c5ccc(C([4*])=O)cc5)cc4)c3)cc2)c1|0.5|0.5|<1-3:0.5:0.5<1-4:0.5:0.5<2-3:0.5:0.5<2-4:0.5:0.5'],58.26
['[1*]Oc1cccc(Oc2ccc(C(=O)Oc3cccc(OC(=O)c4ccc([2*])cc4)c3)cc2)c1.[3*]Oc1cccc(Oc2ccc(C(=O)Oc3cccc(OC(=O)c4ccc([4*])cc4)c3)cc2)c1|0.5|0.5|<1-3:0.5:0.5<1-4:0.5:0.5<2-3:0.5:0.5<2-4:0.5:0.5'],12.53
['[1*]Oc1cccc(Oc2ccc(C(=O)Oc3ccc(OC(=O)c4ccc([2*])cc4)cc3)cc2)c1.[3*]Oc1cccc(Oc2ccc(C(=O)Oc3ccc(OC(=O)c4ccc([4*])cc4)cc3)cc2)c1|0.5|0.5|<1-3:0.5:0.5<1-4:0.5:0.5<2-3:0.5:0.5<2-4:0.5:0.5'],43.84
['[1*]Oc1cccc(C(=O)c2ccc([2*])cc2)c1.[3*]Oc1cccc(C(=O)c2ccc([4*])cc2)c1|0.5|0.5|<1-3:0.5:0.5<1-4:0.5:0.5<2-3:0.5:0.5<2-4:0.5:0.5'],47.28
['[1*]CC(CS(C)(=O)=O)O[2*].[3*]CC(CS(C)(=O)=O)O[4*]|0.5|0.5|<1-3:0.5:0.5<1-4:0.5:0.5<2-3:0.5:0.5<2-4:0.5:0.5'],0.37
['[1*]CC(CS(=O)(=O)CCC)O[2*].[3*]CC(CS(=O)(=O)CCC)O[4*]|0.5|0.5|<1-3:0.5:0.5<1-4:0.5:0.5<2-3:0.5:0.5<2-4:0.5:0.5'],0.16
['[1*]CC(CS(=O)(=O)CCCC)O[2*].[3*]CC(CS(=O)(=O)CCCC)O[4*]|0.5|0.5|<1-3:0.5:0.5<1-4:0.5:0.5<2-3:0.5:0.5<2-4:0.5:0.5'],0.13
['[1*]CC(CS(=O)(=O)CCCCC)O[2*].[3*]CC(CS(=O)(=O)CCCCC)O[4*]|0.5|0.5|<1-3:0.5:0.5<1-4:0.5:0.5<2-3:0.5:0.5<2-4:0.5:0.5'],0.44
['[1*]Oc1cccc(C(=O)c2ccc(Oc3ccc(C(=O)c4ccc([2*])cc4)cc3)cc2)c1.[3*]Oc1cccc(C(=O)c2ccc(Oc3ccc(C(=O)c4ccc([4*])cc4)cc3)cc2)c1|0.5|0.5|<1-3:0.5:0.5<1-4:0.5:0.5<2-3:0.5:0.5<2-4:0.5:0.5'],92.57
['[1*]Oc1ccc(C(C)(C)c2ccc(OC(=O)c3ccc(OCCCCCCCCCCOc4ccc(C([2*])=O)cc4)cc3)cc2)cc1.[3*]Oc1ccc(C(C)(C)c2ccc(OC(=O)c3ccc(OCCCCCCCCCCOc4ccc(C([4*])=O)cc4)cc3)cc2)cc1|0.5|0.5|<1-3:0.5:0.5<1-4:0.5:0.5<2-3:0.5:0.5<2-4:0.5:0.5'],22.1
['[1*]CCCCCCCCOC(=O)Nc1ccc(NC(=O)OCCCCCCCCOc2ccc(-c3ccc(O[2*])cc3)cc2)c(C)c1.[3*]CCCCCCCCOC(=O)Nc1ccc(NC(=O)OCCCCCCCCOc2ccc(-c3ccc(O[4*])cc3)cc2)c(C)c1|0.5|0.5|<1-3:0.5:0.5<1-4:0.5:0.5<2-3:0.5:0.5<2-4:0.5:0.5'],11.3
['[1*]CCCCCCCCCCCOC(=O)Nc1ccc(NC(=O)OCCCCCCCCCCCOc2ccc(-c3ccc(O[2*])cc3)cc2)c(C)c1.[3*]CCCCCCCCCCCOC(=O)Nc1ccc(NC(=O)OCCCCCCCCCCCOc2ccc(-c3ccc(O[4*])cc3)cc2)c(C)c1|0.5|0.5|<1-3:0.5:0.5<1-4:0.5:0.5<2-3:0.5:0.5<2-4:0.5:0.5'],28.22
['[1*]CCCCCCOC(=O)Nc1ccc(NC(=O)OCCCCCCOc2ccc(-c3ccc(O[2*])cc3)cc2)c(C)c1.[3*]CCCCCCOC(=O)Nc1ccc(NC(=O)OCCCCCCOc2ccc(-c3ccc(O[4*])cc3)cc2)c(C)c1|0.5|0.5|<1-3:0.5:0.5<1-4:0.5:0.5<2-3:0.5:0.5<2-4:0.5:0.5'],15.32
['[1*]Oc1cc(C(=O)c2ccccc2)c(Oc2ccc([2*])cc2)cc1C(=O)c1ccccc1.[3*]Oc1cc(C(=O)c2ccccc2)c(Oc2ccc([4*])cc2)cc1C(=O)c1ccccc1|0.5|0.5|<1-3:0.5:0.5<1-4:0.5:0.5<2-3:0.5:0.5<2-4:0.5:0.5'],72.56
['[1*]CCOCCOCCOc1ccc(NC(=O)c2ccc(C(=O)Nc3ccc(O[2*])cc3)cc2)cc1.[3*]CCOCCOCCOc1ccc(NC(=O)c2ccc(C(=O)Nc3ccc(O[4*])cc3)cc2)cc1|0.5|0.5|<1-3:0.5:0.5<1-4:0.5:0.5<2-3:0.5:0.5<2-4:0.5:0.5'],55.55
['[1*]CCCNC(=O)CCCCCCCCC(=O)NCCCOCCOCCO[2*].[3*]CCCNC(=O)CCCCCCCCC(=O)NCCCOCCOCCO[4*]|0.5|0.5|<1-3:0.5:0.5<1-4:0.5:0.5<2-3:0.5:0.5<2-4:0.5:0.5'],27.62
['[1*]CCCNC(=O)C(Cc1ccccc1)NC(=O)CCCCCCCCC(=O)NC(Cc1ccccc1)C(=O)NCCCOCCOCCO[2*].[3*]CCCNC(=O)C(Cc1ccccc1)NC(=O)CCCCCCCCC(=O)NC(Cc1ccccc1)C(=O)NCCCOCCOCCO[4*]|0.5|0.5|<1-3:0.5:0.5<1-4:0.5:0.5<2-3:0.5:0.5<2-4:0.5:0.5'],46.76
['[1*]CCCNC(=O)CNC(=O)C(Cc1ccccc1)NC(=O)CCCCCCCCC(=O)NC(Cc1ccccc1)C(=O)NCC(=O)NCCCOCCOCCO[2*].[3*]CCCNC(=O)CNC(=O)C(Cc1ccccc1)NC(=O)CCCCCCCCC(=O)NC(Cc1ccccc1)C(=O)NCC(=O)NCCCOCCOCCO[4*]|0.5|0.5|<1-3:0.5:0.5<1-4:0.5:0.5<2-3:0.5:0.5<2-4:0.5:0.5'],47.64
['[1*]CCCNC(=O)CNC(=O)C(NC(=O)C(Cc1ccccc1)NC(=O)CCCCCCCCC(=O)NC(Cc1ccccc1)C(=O)NC(C(=O)NCC(=O)NCCCOCCOCCO[2*])C(C)C)C(C)C.[3*]CCCNC(=O)CNC(=O)C(NC(=O)C(Cc1ccccc1)NC(=O)CCCCCCCCC(=O)NC(Cc1ccccc1)C(=O)NC(C(=O)NCC(=O)NCCCOCCOCCO[4*])C(C)C)C(C)C|0.5|0.5|<1-3:0.5:0.5<1-4:0.5:0.5<2-3:0.5:0.5<2-4:0.5:0.5'],42.16
['[1*]CCCNC(=O)C(NC(=O)C(Cc1ccccc1)NC(=O)CCCCCCCCC(=O)NC(Cc1ccccc1)C(=O)NC(C(=O)NCCCOCCOCCO[2*])C(C)C)C(C)C.[3*]CCCNC(=O)C(NC(=O)C(Cc1ccccc1)NC(=O)CCCCCCCCC(=O)NC(Cc1ccccc1)C(=O)NC(C(=O)NCCCOCCOCCO[4*])C(C)C)C(C)C|0.5|0.5|<1-3:0.5:0.5<1-4:0.5:0.5<2-3:0.5:0.5<2-4:0.5:0.5'],44.71
['[1*]CCOCCOCCOCCOCc1cc(CO[2*])cc(OCCCCCCCCCCCCCCCC)c1.[3*]CCOCCOCCOCCOCc1cc(CO[4*])cc(OCCCCCCCCCCCCCCCC)c1|0.5|0.5|<1-3:0.5:0.5<1-4:0.5:0.5<2-3:0.5:0.5<2-4:0.5:0.5'],26.35
['[1*]CCCCOc1ccc(OC(=O)c2ccc(C(=O)Oc3ccc(O[2*])cc3)c(C(=O)OCC=C)c2)cc1.[3*]CCCCOc1ccc(OC(=O)c2ccc(C(=O)Oc3ccc(O[4*])cc3)c(C(=O)OCC=C)c2)cc1|0.5|0.5|<1-3:0.5:0.5<1-4:0.5:0.5<2-3:0.5:0.5<2-4:0.5:0.5'],10.14
['[1*]OC(=O)CNC(=O)CCCCCCCCC(=O)NCC(=O)OC1COC2C([2*])COC12.[3*]OC(=O)CNC(=O)CCCCCCCCC(=O)NCC(=O)OC1COC2C([4*])COC12|0.5|0.5|<1-3:0.5:0.5<1-4:0.5:0.5<2-3:0.5:0.5<2-4:0.5:0.5'],33.84
['[1*]OC(=O)CNC(=O)CNC(=O)CCCCCCCCC(=O)NCC(=O)NCC(=O)OC1COC2C([2*])COC12.[3*]OC(=O)CNC(=O)CNC(=O)CCCCCCCCC(=O)NCC(=O)NCC(=O)OC1COC2C([4*])COC12|0.5|0.5|<1-3:0.5:0.5<1-4:0.5:0.5<2-3:0.5:0.5<2-4:0.5:0.5'],19.94
['[1*]Oc1ccc(-c2ccc(Oc3ccc(C(=O)c4ccc(C(=O)c5ccc([2*])cc5)cc4)cc3)cc2)cc1.[3*]Oc1ccc(-c2ccc(Oc3ccc(C(=O)c4ccc(C(=O)c5ccc([4*])cc5)cc4)cc3)cc2)cc1|0.5|0.5|<1-3:0.5:0.5<1-4:0.5:0.5<2-3:0.5:0.5<2-4:0.5:0.5'],63.91
['[1*]c1ccc(OCCCCCCCCCCCOC(=O)CCCCC(=O)OCCCCCCCCCCCOc2cccc(-c3nnc([2*])s3)c2)cc1.[3*]c1ccc(OCCCCCCCCCCCOC(=O)CCCCC(=O)OCCCCCCCCCCCOc2cccc(-c3nnc([4*])s3)c2)cc1|0.5|0.5|<1-3:0.5:0.5<1-4:0.5:0.5<2-3:0.5:0.5<2-4:0.5:0.5'],30.69
['[1*]c1ccc(OCCCCCCCCCCCOC(=O)CCCCCCCCC(=O)OCCCCCCCCCCCOc2cccc(-c3nnc([2*])s3)c2)cc1.[3*]c1ccc(OCCCCCCCCCCCOC(=O)CCCCCCCCC(=O)OCCCCCCCCCCCOc2cccc(-c3nnc([4*])s3)c2)cc1|0.5|0.5|<1-3:0.5:0.5<1-4:0.5:0.5<2-3:0.5:0.5<2-4:0.5:0.5'],24.74
['[1*]c1cccc(OCCCCCCCCCCCOC(=O)c2cccc(C(=O)OCCCCCCCCCCCOc3cccc(-c4nnc([2*])s4)c3)c2)c1.[3*]c1cccc(OCCCCCCCCCCCOC(=O)c2cccc(C(=O)OCCCCCCCCCCCOc3cccc(-c4nnc([4*])s4)c3)c2)c1|0.5|0.5|<1-3:0.5:0.5<1-4:0.5:0.5<2-3:0.5:0.5<2-4:0.5:0.5'],24.19
['[1*]c1cccc(OCCCCCCCCCCCOC(=O)c2ccc(C(=O)OCCCCCCCCCCCOc3cccc(-c4nnc([2*])s4)c3)cc2)c1.[3*]c1cccc(OCCCCCCCCCCCOC(=O)c2ccc(C(=O)OCCCCCCCCCCCOc3cccc(-c4nnc([4*])s4)c3)cc2)c1|0.5|0.5|<1-3:0.5:0.5<1-4:0.5:0.5<2-3:0.5:0.5<2-4:0.5:0.5'],17.01
['[1*]c1cccc(OCCCCCCCCCCCOC(=O)CCCCC(=O)OCCCCCCCCCCCOc2cccc(-c3nnc([2*])s3)c2)c1.[3*]c1cccc(OCCCCCCCCCCCOC(=O)CCCCC(=O)OCCCCCCCCCCCOc2cccc(-c3nnc([4*])s3)c2)c1|0.5|0.5|<1-3:0.5:0.5<1-4:0.5:0.5<2-3:0.5:0.5<2-4:0.5:0.5'],28.24
['[1*]c1cccc(OCCCCCCCCCCCOC(=O)CCCCCCCCC(=O)OCCCCCCCCCCCOc2cccc(-c3nnc([2*])s3)c2)c1.[3*]c1cccc(OCCCCCCCCCCCOC(=O)CCCCCCCCC(=O)OCCCCCCCCCCCOc2cccc(-c3nnc([4*])s3)c2)c1|0.5|0.5|<1-3:0.5:0.5<1-4:0.5:0.5<2-3:0.5:0.5<2-4:0.5:0.5'],23.02
['[1*]Oc1cccc(OC(=O)c2ccc(C=Nc3ccc(OCCCCCCOc4ccc(N=Cc5ccc(C([2*])=O)cc5)cc4)cc3)cc2)c1.[3*]Oc1cccc(OC(=O)c2ccc(C=Nc3ccc(OCCCCCCOc4ccc(N=Cc5ccc(C([4*])=O)cc5)cc4)cc3)cc2)c1|0.5|0.5|<1-3:0.5:0.5<1-4:0.5:0.5<2-3:0.5:0.5<2-4:0.5:0.5'],4.37
['[1*]Oc1cccc(OC(=O)c2ccc(C=Nc3ccc(OCCCCCCOc4ccc(N=Cc5ccc(C([2*])=O)cc5)cc4F)c(F)c3)cc2)c1.[3*]Oc1cccc(OC(=O)c2ccc(C=Nc3ccc(OCCCCCCOc4ccc(N=Cc5ccc(C([4*])=O)cc5)cc4F)c(F)c3)cc2)c1|0.5|0.5|<1-3:0.5:0.5<1-4:0.5:0.5<2-3:0.5:0.5<2-4:0.5:0.5'],17.55
['[1*]Oc1cccc(OC(=O)c2ccc(C=Nc3ccc(OCCCCCCOc4ccc(N=Cc5ccc(C([2*])=O)cc5)cc4Cl)c(Cl)c3)cc2)c1.[3*]Oc1cccc(OC(=O)c2ccc(C=Nc3ccc(OCCCCCCOc4ccc(N=Cc5ccc(C([4*])=O)cc5)cc4Cl)c(Cl)c3)cc2)c1|0.5|0.5|<1-3:0.5:0.5<1-4:0.5:0.5<2-3:0.5:0.5<2-4:0.5:0.5'],12.53
['[1*]Oc1cc(OC(=O)c2ccc(C=Nc3ccc(OCCCCCCOc4ccc(N=Cc5ccc(C([2*])=O)cc5)cc4)cc3)cc2)c(Cl)cc1Cl.[3*]Oc1cc(OC(=O)c2ccc(C=Nc3ccc(OCCCCCCOc4ccc(N=Cc5ccc(C([4*])=O)cc5)cc4)cc3)cc2)c(Cl)cc1Cl|0.5|0.5|<1-3:0.5:0.5<1-4:0.5:0.5<2-3:0.5:0.5<2-4:0.5:0.5'],12.53
['[1*]Oc1cc(OC(=O)c2ccc(C=Nc3ccc(OCCCCCCOc4ccc(N=Cc5ccc(C([2*])=O)cc5)cc4F)c(F)c3)cc2)c(Cl)cc1Cl.[3*]Oc1cc(OC(=O)c2ccc(C=Nc3ccc(OCCCCCCOc4ccc(N=Cc5ccc(C([4*])=O)cc5)cc4F)c(F)c3)cc2)c(Cl)cc1Cl|0.5|0.5|<1-3:0.5:0.5<1-4:0.5:0.5<2-3:0.5:0.5<2-4:0.5:0.5'],19.01
['[1*]Oc1cc(OC(=O)c2ccc(C=Nc3ccc(OCCCCCCOc4ccc(N=Cc5ccc(C([2*])=O)cc5)cc4Cl)c(Cl)c3)cc2)c(Cl)cc1Cl.[3*]Oc1cc(OC(=O)c2ccc(C=Nc3ccc(OCCCCCCOc4ccc(N=Cc5ccc(C([4*])=O)cc5)cc4Cl)c(Cl)c3)cc2)c(Cl)cc1Cl|0.5|0.5|<1-3:0.5:0.5<1-4:0.5:0.5<2-3:0.5:0.5<2-4:0.5:0.5'],20.02
['[1*]Oc1cccc(OC(=O)c2ccc(C=Nc3ccc(OCCCCCCCCCCCCOc4ccc(N=Cc5ccc(C([2*])=O)cc5)cc4)cc3)cc2)c1.[3*]Oc1cccc(OC(=O)c2ccc(C=Nc3ccc(OCCCCCCCCCCCCOc4ccc(N=Cc5ccc(C([4*])=O)cc5)cc4)cc3)cc2)c1|0.5|0.5|<1-3:0.5:0.5<1-4:0.5:0.5<2-3:0.5:0.5<2-4:0.5:0.5'],25.45
['[1*]Oc1cccc(OC(=O)c2ccc(C=Nc3ccc(OCCCCCCCCCCCCOc4ccc(N=Cc5ccc(C([2*])=O)cc5)cc4F)c(F)c3)cc2)c1.[3*]Oc1cccc(OC(=O)c2ccc(C=Nc3ccc(OCCCCCCCCCCCCOc4ccc(N=Cc5ccc(C([4*])=O)cc5)cc4F)c(F)c3)cc2)c1|0.5|0.5|<1-3:0.5:0.5<1-4:0.5:0.5<2-3:0.5:0.5<2-4:0.5:0.5'],26.81
['[1*]Oc1cccc(OC(=O)c2ccc(C=Nc3ccc(OCCCCCCCCCCCCOc4ccc(N=Cc5ccc(C([2*])=O)cc5)cc4Cl)c(Cl)c3)cc2)c1.[3*]Oc1cccc(OC(=O)c2ccc(C=Nc3ccc(OCCCCCCCCCCCCOc4ccc(N=Cc5ccc(C([4*])=O)cc5)cc4Cl)c(Cl)c3)cc2)c1|0.5|0.5|<1-3:0.5:0.5<1-4:0.5:0.5<2-3:0.5:0.5<2-4:0.5:0.5'],17.81
['[1*]Oc1cc(OC(=O)c2ccc(C=Nc3ccc(OCCCCCCCCCCCCOc4ccc(N=Cc5ccc(C([2*])=O)cc5)cc4)cc3)cc2)c(Cl)cc1Cl.[3*]Oc1cc(OC(=O)c2ccc(C=Nc3ccc(OCCCCCCCCCCCCOc4ccc(N=Cc5ccc(C([4*])=O)cc5)cc4)cc3)cc2)c(Cl)cc1Cl|0.5|0.5|<1-3:0.5:0.5<1-4:0.5:0.5<2-3:0.5:0.5<2-4:0.5:0.5'],39.32
['[1*]Oc1cc(OC(=O)c2ccc(C=Nc3ccc(OCCCCCCCCCCCCOc4ccc(N=Cc5ccc(C([2*])=O)cc5)cc4F)c(F)c3)cc2)c(Cl)cc1Cl.[3*]Oc1cc(OC(=O)c2ccc(C=Nc3ccc(OCCCCCCCCCCCCOc4ccc(N=Cc5ccc(C([4*])=O)cc5)cc4F)c(F)c3)cc2)c(Cl)cc1Cl|0.5|0.5|<1-3:0.5:0.5<1-4:0.5:0.5<2-3:0.5:0.5<2-4:0.5:0.5'],13.69
['[1*]Oc1cc(OC(=O)c2ccc(C=Nc3ccc(OCCCCCCCCCCCCOc4ccc(N=Cc5ccc(C([2*])=O)cc5)cc4Cl)c(Cl)c3)cc2)c(Cl)cc1Cl.[3*]Oc1cc(OC(=O)c2ccc(C=Nc3ccc(OCCCCCCCCCCCCOc4ccc(N=Cc5ccc(C([4*])=O)cc5)cc4Cl)c(Cl)c3)cc2)c(Cl)cc1Cl|0.5|0.5|<1-3:0.5:0.5<1-4:0.5:0.5<2-3:0.5:0.5<2-4:0.5:0.5'],10.75
['[1*]Oc1ccc(N=Cc2ccc(Oc3ccc(C(C)(C)c4ccc(Oc5ccc(C=Nc6ccc(Oc7ccc(-c8ccc([2*])cc8)cc7)cc6)cc5)cc4)cc3)cc2)cc1.[3*]Oc1ccc(N=Cc2ccc(Oc3ccc(C(C)(C)c4ccc(Oc5ccc(C=Nc6ccc(Oc7ccc(-c8ccc([4*])cc8)cc7)cc6)cc5)cc4)cc3)cc2)cc1|0.5|0.5|<1-3:0.5:0.5<1-4:0.5:0.5<2-3:0.5:0.5<2-4:0.5:0.5'],9.78
['[1*]Oc1ccc(N=Cc2ccc(Oc3ccc(C(c4ccc(Oc5ccc(C=Nc6ccc(Oc7ccc(-c8ccc([2*])cc8)cc7)cc6)cc5)cc4)(C(F)(F)F)C(F)(F)F)cc3)cc2)cc1.[3*]Oc1ccc(N=Cc2ccc(Oc3ccc(C(c4ccc(Oc5ccc(C=Nc6ccc(Oc7ccc(-c8ccc([4*])cc8)cc7)cc6)cc5)cc4)(C(F)(F)F)C(F)(F)F)cc3)cc2)cc1|0.5|0.5|<1-3:0.5:0.5<1-4:0.5:0.5<2-3:0.5:0.5<2-4:0.5:0.5'],8.63
['[1*]Oc1ccc(S(=O)(=O)c2ccc(Oc3ccc(C=Nc4ccc(Oc5ccc(-c6ccc(Oc7ccc(N=Cc8ccc([2*])cc8)cc7)cc6)cc5)cc4)cc3)cc2)cc1.[3*]Oc1ccc(S(=O)(=O)c2ccc(Oc3ccc(C=Nc4ccc(Oc5ccc(-c6ccc(Oc7ccc(N=Cc8ccc([4*])cc8)cc7)cc6)cc5)cc4)cc3)cc2)cc1|0.5|0.5|<1-3:0.5:0.5<1-4:0.5:0.5<2-3:0.5:0.5<2-4:0.5:0.5'],6.06
['[1*]C=Nc1ccc(C(=O)OCCCCOCCCCOCCCCOC(=O)c2ccc(N=Cc3ccc([2*])s3)cc2)cc1.[3*]C=Nc1ccc(C(=O)OCCCCOCCCCOCCCCOC(=O)c2ccc(N=Cc3ccc([4*])s3)cc2)cc1|0.5|0.5|<1-3:0.5:0.5<1-4:0.5:0.5<2-3:0.5:0.5<2-4:0.5:0.5'],6.58
['[1*]CCCCOCCCCOCCCCOC(=O)c1ccc(N=Cc2cc(OCCC(C)CCCC(C)C)c(C=Nc3ccc(C(=O)O[2*])cc3)cc2OCCC(C)CCCC(C)C)cc1.[3*]CCCCOCCCCOCCCCOC(=O)c1ccc(N=Cc2cc(OCCC(C)CCCC(C)C)c(C=Nc3ccc(C(=O)O[4*])cc3)cc2OCCC(C)CCCC(C)C)cc1|0.5|0.5|<1-3:0.5:0.5<1-4:0.5:0.5<2-3:0.5:0.5<2-4:0.5:0.5'],37.44
['[1*]CC(CC)(CC)CS[2*].[3*]CC(CC)(CC)CS[4*]|0.5|0.5|<1-3:0.5:0.5<1-4:0.5:0.5<2-3:0.5:0.5<2-4:0.5:0.5'],42.66
['[1*]c1cc(CCCCCCCCCCCC)c([2*])s1.[3*]c1cc(CCCCCCCCCCCC)c([4*])s1|0.5|0.5|<1-3:0.5:0.5<1-4:0.5:0.5<2-3:0.5:0.5<2-4:0.5:0.5'],7.63
['[1*]c1cc(CCCCCC)c([2*])s1.[3*]c1cc(CCCCCC)c([4*])s1|0.5|0.5|<1-3:0.5:0.5<1-4:0.5:0.5<2-3:0.5:0.5<2-4:0.5:0.5'],10.8
['[1*]c1cc(CCCCCCCC)c([2*])s1.[3*]c1cc(CCCCCCCC)c([4*])s1|0.5|0.5|<1-3:0.5:0.5<1-4:0.5:0.5<2-3:0.5:0.5<2-4:0.5:0.5'],9.05
['[1*]c1cc(CCCC)c([2*])s1.[3*]c1cc(CCCC)c([4*])s1|0.5|0.5|<1-3:0.5:0.5<1-4:0.5:0.5<2-3:0.5:0.5<2-4:0.5:0.5'],12.76
['[1*]C=Cc1cccc(OC(=O)CCCCCCCCC(=O)Oc2ccc(-c3nnc([2*])s3)cc2)c1.[3*]C=Cc1cccc(OC(=O)CCCCCCCCC(=O)Oc2ccc(-c3nnc([4*])s3)cc2)c1|0.5|0.5|<1-3:0.5:0.5<1-4:0.5:0.5<2-3:0.5:0.5<2-4:0.5:0.5'],3.03
['[1*]C=Cc1ccc(OC(=O)CCCCCCCCC(=O)Oc2cccc(-c3nnc([2*])s3)c2)cc1.[3*]C=Cc1ccc(OC(=O)CCCCCCCCC(=O)Oc2cccc(-c3nnc([4*])s3)c2)cc1|0.5|0.5|<1-3:0.5:0.5<1-4:0.5:0.5<2-3:0.5:0.5<2-4:0.5:0.5'],10.77
['[1*]C=Cc1ccc(OC(=O)CCCCCCCCC(=O)Oc2ccc(-c3nnc([2*])s3)cc2)cc1.[3*]C=Cc1ccc(OC(=O)CCCCCCCCC(=O)Oc2ccc(-c3nnc([4*])s3)cc2)cc1|0.5|0.5|<1-3:0.5:0.5<1-4:0.5:0.5<2-3:0.5:0.5<2-4:0.5:0.5'],8.94
['[1*]C=Cc1cccc(OC(=O)CCCCCCCCC(=O)Oc2cccc(-c3nnc([2*])s3)c2)c1.[3*]C=Cc1cccc(OC(=O)CCCCCCCCC(=O)Oc2cccc(-c3nnc([4*])s3)c2)c1|0.5|0.5|<1-3:0.5:0.5<1-4:0.5:0.5<2-3:0.5:0.5<2-4:0.5:0.5'],12.49
['[1*]CCCCOC(=O)CCSCCCCCCSCCC(=O)O[2*].[3*]CCCCOC(=O)CCSCCCCCCSCCC(=O)O[4*]|0.5|0.5|<1-3:0.5:0.5<1-4:0.5:0.5<2-3:0.5:0.5<2-4:0.5:0.5'],29.63
['[1*]Oc1ccc(OC(=O)c2cccc(C([2*])=O)c2)cc1.[3*]Oc1ccc(OC(=O)c2cccc(C([4*])=O)c2)cc1|0.5|0.5|<1-3:0.5:0.5<1-4:0.5:0.5<2-3:0.5:0.5<2-4:0.5:0.5'],77.61
['[1*]CCCCCCCCCCOC(=O)c1ccc(NC(=O)CCCCCCCCCCC(=O)Nc2ccc(C(=O)O[2*])cc2)cc1.[3*]CCCCCCCCCCOC(=O)c1ccc(NC(=O)CCCCCCCCCCC(=O)Nc2ccc(C(=O)O[4*])cc2)cc1|0.5|0.5|<1-3:0.5:0.5<1-4:0.5:0.5<2-3:0.5:0.5<2-4:0.5:0.5'],17.1
['[1*]OC(C)(CC([2*])=O)C(F)(F)F.[3*]OC(C)(CC([4*])=O)C(F)(F)F|0.5|0.5|<1-3:0.5:0.5<1-4:0.5:0.5<2-3:0.5:0.5<2-4:0.5:0.5'],1.69
['[1*]Oc1ccc(OC(=O)c2ccc(-c3ccc(C([2*])=O)cc3)cc2)cc1.[3*]Oc1ccc(OC(=O)c2ccc(-c3ccc(C([4*])=O)cc3)cc2)cc1|0.5|0.5|<1-3:0.5:0.5<1-4:0.5:0.5<2-3:0.5:0.5<2-4:0.5:0.5'],0.64
['[1*]Oc1ccc2cc(OC(=O)c3ccc(-c4ccc(C([2*])=O)cc4)cc3)ccc2c1.[3*]Oc1ccc2cc(OC(=O)c3ccc(-c4ccc(C([4*])=O)cc4)cc3)ccc2c1|0.5|0.5|<1-3:0.5:0.5<1-4:0.5:0.5<2-3:0.5:0.5<2-4:0.5:0.5'],34.61
['[1*]OC(CCCCCCC=C)CC([2*])=O.[3*]OC(CCCCCCC=C)CC([4*])=O|0.5|0.5|<1-3:0.5:0.5<1-4:0.5:0.5<2-3:0.5:0.5<2-4:0.5:0.5'],13.86
['[1*]OC(CCc1ccccc1)CC([2*])=O.[3*]OC(CCc1ccccc1)CC([4*])=O|0.5|0.5|<1-3:0.5:0.5<1-4:0.5:0.5<2-3:0.5:0.5<2-4:0.5:0.5'],3.08
['[1*]OC(CCCCC)CC([2*])=O.[3*]OC(CCCCC)CC([4*])=O|0.5|0.5|<1-3:0.5:0.5<1-4:0.5:0.5<2-3:0.5:0.5<2-4:0.5:0.5'],50.92
['[1*]Oc1ccc(C([2*])=O)cc1CCC.[3*]Oc1ccc(C([4*])=O)cc1CCC|0.5|0.5|<1-3:0.5:0.5<1-4:0.5:0.5<2-3:0.5:0.5<2-4:0.5:0.5'],32.4
['[1*]CCCCCCOC(=O)CC=CCC(=O)O[2*].[3*]CCCCCCOC(=O)CC=CCC(=O)O[4*]|0.5|0.5|<1-3:0.5:0.5<1-4:0.5:0.5<2-3:0.5:0.5<2-4:0.5:0.5'],77.09
['[1*]CCCCCCCCCCOC(=O)CC=CCC(=O)O[2*].[3*]CCCCCCCCCCOC(=O)CC=CCC(=O)O[4*]|0.5|0.5|<1-3:0.5:0.5<1-4:0.5:0.5<2-3:0.5:0.5<2-4:0.5:0.5'],84.02
['[1*]CCCCCCCCCCCCOC(=O)CC=CCC(=O)O[2*].[3*]CCCCCCCCCCCCOC(=O)CC=CCC(=O)O[4*]|0.5|0.5|<1-3:0.5:0.5<1-4:0.5:0.5<2-3:0.5:0.5<2-4:0.5:0.5'],89.84
['[1*]CCCCCCCCCCCCCCOC(=O)CC=CCC(=O)O[2*].[3*]CCCCCCCCCCCCCCOC(=O)CC=CCC(=O)O[4*]|0.5|0.5|<1-3:0.5:0.5<1-4:0.5:0.5<2-3:0.5:0.5<2-4:0.5:0.5'],82.99
['[1*]CCCCCCOC(=O)CCC=CCCC(=O)O[2*].[3*]CCCCCCOC(=O)CCC=CCCC(=O)O[4*]|0.5|0.5|<1-3:0.5:0.5<1-4:0.5:0.5<2-3:0.5:0.5<2-4:0.5:0.5'],63.8
['[1*]CCCCCCCCCCCCOC(=O)CCC=CCCC(=O)O[2*].[3*]CCCCCCCCCCCCOC(=O)CCC=CCCC(=O)O[4*]|0.5|0.5|<1-3:0.5:0.5<1-4:0.5:0.5<2-3:0.5:0.5<2-4:0.5:0.5'],93.31
['[1*]CCCCCCCCCCCCCCOC(=O)CCC=CCCC(=O)O[2*].[3*]CCCCCCCCCCCCCCOC(=O)CCC=CCCC(=O)O[4*]|0.5|0.5|<1-3:0.5:0.5<1-4:0.5:0.5<2-3:0.5:0.5<2-4:0.5:0.5'],81.89
['[1*]CC(=O)NC(C)C(=O)O[2*].[3*]CC(=O)NC(C)C(=O)O[4*]|0.5|0.5|<1-3:0.5:0.5<1-4:0.5:0.5<2-3:0.5:0.5<2-4:0.5:0.5'],90.21
['[1*]Oc1ccc(CCNC(=O)c2cccc(C(=O)NCCc3ccc(OC(=O)c4cccc(C([2*])=O)c4)cc3)c2)cc1.[3*]Oc1ccc(CCNC(=O)c2cccc(C(=O)NCCc3ccc(OC(=O)c4cccc(C([4*])=O)c4)cc3)c2)cc1|0.5|0.5|<1-3:0.5:0.5<1-4:0.5:0.5<2-3:0.5:0.5<2-4:0.5:0.5'],44.38
['[1*]Oc1ccc(CCNC(=O)c2cccc(C([2*])=O)c2)cc1.[3*]Oc1ccc(CCNC(=O)c2cccc(C([4*])=O)c2)cc1|0.5|0.5|<1-3:0.5:0.5<1-4:0.5:0.5<2-3:0.5:0.5<2-4:0.5:0.5'],21.5
['[1*]Oc1cc(OC(=O)c2ccc(OC)cc2)c(OC(=O)CCCCCCCCCCCCCCC([2*])=O)cc1OC(=O)c1ccc(OC)cc1.[3*]Oc1cc(OC(=O)c2ccc(OC)cc2)c(OC(=O)CCCCCCCCCCCCCCC([4*])=O)cc1OC(=O)c1ccc(OC)cc1|0.5|0.5|<1-3:0.5:0.5<1-4:0.5:0.5<2-3:0.5:0.5<2-4:0.5:0.5'],37.08
['[1*]Oc1cc(OC(=O)c2ccc(OCC)cc2)c(OC(=O)CCCCCCCCCCCCCCC([2*])=O)cc1OC(=O)c1ccc(OCC)cc1.[3*]Oc1cc(OC(=O)c2ccc(OCC)cc2)c(OC(=O)CCCCCCCCCCCCCCC([4*])=O)cc1OC(=O)c1ccc(OCC)cc1|0.5|0.5|<1-3:0.5:0.5<1-4:0.5:0.5<2-3:0.5:0.5<2-4:0.5:0.5'],34.21
['[1*]Oc1cc(OC(=O)c2ccc(OCCC)cc2)c(OC(=O)CCCCCCCCCCCCCCC([2*])=O)cc1OC(=O)c1ccc(OCCC)cc1.[3*]Oc1cc(OC(=O)c2ccc(OCCC)cc2)c(OC(=O)CCCCCCCCCCCCCCC([4*])=O)cc1OC(=O)c1ccc(OCCC)cc1|0.5|0.5|<1-3:0.5:0.5<1-4:0.5:0.5<2-3:0.5:0.5<2-4:0.5:0.5'],28.48
['[1*]Oc1cc(OC(=O)c2ccc(OCCCC)cc2)c(OC(=O)CCCCCCCCCCCCCCC([2*])=O)cc1OC(=O)c1ccc(OCCCC)cc1.[3*]Oc1cc(OC(=O)c2ccc(OCCCC)cc2)c(OC(=O)CCCCCCCCCCCCCCC([4*])=O)cc1OC(=O)c1ccc(OCCCC)cc1|0.5|0.5|<1-3:0.5:0.5<1-4:0.5:0.5<2-3:0.5:0.5<2-4:0.5:0.5'],19.6
['[1*]Oc1cc(OC(=O)c2ccc(OCCCCC)cc2)c(OC(=O)CCCCCCCCCCCCCCC([2*])=O)cc1OC(=O)c1ccc(OCCCCC)cc1.[3*]Oc1cc(OC(=O)c2ccc(OCCCCC)cc2)c(OC(=O)CCCCCCCCCCCCCCC([4*])=O)cc1OC(=O)c1ccc(OCCCCC)cc1|0.5|0.5|<1-3:0.5:0.5<1-4:0.5:0.5<2-3:0.5:0.5<2-4:0.5:0.5'],16.08
['[1*]Oc1cc(OC(=O)c2ccc(OCCCC)cc2)c(OC(=O)CCCCCCCC([2*])=O)cc1OC(=O)c1ccc(OCCCC)cc1.[3*]Oc1cc(OC(=O)c2ccc(OCCCC)cc2)c(OC(=O)CCCCCCCC([4*])=O)cc1OC(=O)c1ccc(OCCCC)cc1|0.5|0.5|<1-3:0.5:0.5<1-4:0.5:0.5<2-3:0.5:0.5<2-4:0.5:0.5'],29.15
['[1*]Oc1cc(OC(=O)c2ccc(OCCCC)cc2)c(OC(=O)CCCCCC([2*])=O)cc1OC(=O)c1ccc(OCCCC)cc1.[3*]Oc1cc(OC(=O)c2ccc(OCCCC)cc2)c(OC(=O)CCCCCC([4*])=O)cc1OC(=O)c1ccc(OCCCC)cc1|0.5|0.5|<1-3:0.5:0.5<1-4:0.5:0.5<2-3:0.5:0.5<2-4:0.5:0.5'],32.7
['[1*]Oc1cc(OC(=O)c2ccc(C)cc2)c(OC(=O)CCCCCCCCCCCCCCC([2*])=O)cc1OC(=O)c1ccc(C)cc1.[3*]Oc1cc(OC(=O)c2ccc(C)cc2)c(OC(=O)CCCCCCCCCCCCCCC([4*])=O)cc1OC(=O)c1ccc(C)cc1|0.5|0.5|<1-3:0.5:0.5<1-4:0.5:0.5<2-3:0.5:0.5<2-4:0.5:0.5'],35.53
['[1*]CCc1ccc(NC(=O)c2cccc(C(=O)Nc3ccc(CCOC(=O)c4cccc(C(=O)O[2*])c4)cc3)c2)cc1.[3*]CCc1ccc(NC(=O)c2cccc(C(=O)Nc3ccc(CCOC(=O)c4cccc(C(=O)O[4*])c4)cc3)c2)cc1|0.5|0.5|<1-3:0.5:0.5<1-4:0.5:0.5<2-3:0.5:0.5<2-4:0.5:0.5'],57.22
['[1*]Oc1ccc(OC(=O)c2cc(OCCCCCCCCCCC(F)(F)C(F)(F)C(F)(F)C(F)(F)C(F)(F)C(F)(F)C(F)(F)C(F)(F)C(F)(F)C(F)(F)F)cc(C([2*])=O)c2)cc1.[3*]Oc1ccc(OC(=O)c2cc(OCCCCCCCCCCC(F)(F)C(F)(F)C(F)(F)C(F)(F)C(F)(F)C(F)(F)C(F)(F)C(F)(F)C(F)(F)C(F)(F)F)cc(C([4*])=O)c2)cc1|0.5|0.5|<1-3:0.5:0.5<1-4:0.5:0.5<2-3:0.5:0.5<2-4:0.5:0.5'],3.92
['[1*]Oc1cc(OCCOC)c(OC(=O)c2ccc(C([2*])=O)cc2OCCOCC)cc1OCCOC.[3*]Oc1cc(OCCOC)c(OC(=O)c2ccc(C([4*])=O)cc2OCCOCC)cc1OCCOC|0.5|0.5|<1-3:0.5:0.5<1-4:0.5:0.5<2-3:0.5:0.5<2-4:0.5:0.5'],5.48
['[1*]CC(=O)NCC(=O)O[2*].[3*]CC(=O)NCC(=O)O[4*]|0.5|0.5|<1-3:0.5:0.5<1-4:0.5:0.5<2-3:0.5:0.5<2-4:0.5:0.5'],24.83
['[1*]Oc1cc(OCCOC)c(OC(=O)c2ccc(C([2*])=O)cc2-c2ccccc2)cc1OCCOC.[3*]Oc1cc(OCCOC)c(OC(=O)c2ccc(C([4*])=O)cc2-c2ccccc2)cc1OCCOC|0.5|0.5|<1-3:0.5:0.5<1-4:0.5:0.5<2-3:0.5:0.5<2-4:0.5:0.5'],14.18
['[1*]CCCCCCCCCOC(=O)C(O)C(O)C(=O)O[2*].[3*]CCCCCCCCCOC(=O)C(O)C(O)C(=O)O[4*]|0.5|0.5|<1-3:0.5:0.5<1-4:0.5:0.5<2-3:0.5:0.5<2-4:0.5:0.5'],48.33
['[1*]CCCCCCCCCOC(=O)CCC(=O)O[2*].[3*]CCCCCCCCCOC(=O)CCC(=O)O[4*]|0.5|0.5|<1-3:0.5:0.5<1-4:0.5:0.5<2-3:0.5:0.5<2-4:0.5:0.5'],49.36
['[1*]CCCCCCNC(=O)CCc1ccc(C(C)CC(=O)N[2*])cc1.[3*]CCCCCCNC(=O)CCc1ccc(C(C)CC(=O)N[4*])cc1|0.5|0.5|<1-3:0.5:0.5<1-4:0.5:0.5<2-3:0.5:0.5<2-4:0.5:0.5'],22.96
['[1*]CCCCCCNC(=O)CCC(C)(C)c1ccc(C(C)(C)CCC(=O)N[2*])cc1.[3*]CCCCCCNC(=O)CCC(C)(C)c1ccc(C(C)(C)CCC(=O)N[4*])cc1|0.5|0.5|<1-3:0.5:0.5<1-4:0.5:0.5<2-3:0.5:0.5<2-4:0.5:0.5'],1.61
['[1*]NC(CCC(=O)OCCCCCCCCCC)C([2*])=O.[3*]NC(CCC(=O)OCCCCCCCCCC)C([4*])=O|0.5|0.5|<1-3:0.5:0.5<1-4:0.5:0.5<2-3:0.5:0.5<2-4:0.5:0.5'],2.92
['[1*]NC(CCC(=O)OCCCCCCCCCCCC)C([2*])=O.[3*]NC(CCC(=O)OCCCCCCCCCCCC)C([4*])=O|0.5|0.5|<1-3:0.5:0.5<1-4:0.5:0.5<2-3:0.5:0.5<2-4:0.5:0.5'],11.27
['[1*]NC(CCC(=O)OCCCCCCCCCCCCCC)C([2*])=O.[3*]NC(CCC(=O)OCCCCCCCCCCCCCC)C([4*])=O|0.5|0.5|<1-3:0.5:0.5<1-4:0.5:0.5<2-3:0.5:0.5<2-4:0.5:0.5'],22.28
['[1*]NC(CCC(=O)OCCCCCCCCCCCCCCCC)C([2*])=O.[3*]NC(CCC(=O)OCCCCCCCCCCCCCCCC)C([4*])=O|0.5|0.5|<1-3:0.5:0.5<1-4:0.5:0.5<2-3:0.5:0.5<2-4:0.5:0.5'],30.47
['[1*]NC(CCC(=O)OCCCCCCCCCCCCCCCCCC)C([2*])=O.[3*]NC(CCC(=O)OCCCCCCCCCCCCCCCCCC)C([4*])=O|0.5|0.5|<1-3:0.5:0.5<1-4:0.5:0.5<2-3:0.5:0.5<2-4:0.5:0.5'],36.87
['[1*]CCCC(C)CNC(=O)c1ccc(C(=O)N[2*])cc1.[3*]CCCC(C)CNC(=O)c1ccc(C(=O)N[4*])cc1|0.5|0.5|<1-3:0.5:0.5<1-4:0.5:0.5<2-3:0.5:0.5<2-4:0.5:0.5'],27.74
['[1*]C(=O)c1ccc(N([2*])CCC)cc1.[3*]C(=O)c1ccc(N([4*])CCC)cc1|0.5|0.5|<1-3:0.5:0.5<1-4:0.5:0.5<2-3:0.5:0.5<2-4:0.5:0.5'],38.13
['[1*]C(=O)c1ccc(N([2*])CCCC)cc1.[3*]C(=O)c1ccc(N([4*])CCCC)cc1|0.5|0.5|<1-3:0.5:0.5<1-4:0.5:0.5<2-3:0.5:0.5<2-4:0.5:0.5'],71.56
['[1*]CCCNC(=O)O[2*].[3*]CCCNC(=O)O[4*]|0.5|0.5|<1-3:0.5:0.5<1-4:0.5:0.5<2-3:0.5:0.5<2-4:0.5:0.5'],63.79
['[1*]c1ccc(Oc2cccc(Oc3ccc(N4C(=O)c5ccc(-c6ccc7c(c6)C(=O)N([2*])C7=O)cc5C4=O)cc3)c2)cc1.[3*]c1ccc(Oc2cccc(Oc3ccc(N4C(=O)c5ccc(-c6ccc7c(c6)C(=O)N([4*])C7=O)cc5C4=O)cc3)c2)cc1|0.5|0.5|<1-3:0.5:0.5<1-4:0.5:0.5<2-3:0.5:0.5<2-4:0.5:0.5'],74.47
['[1*]C(=O)Nc1ccc(Oc2ccc(N3C(=O)c4ccc([2*])cc4C3=O)cc2)cc1.[3*]C(=O)Nc1ccc(Oc2ccc(N3C(=O)c4ccc([4*])cc4C3=O)cc2)cc1|0.5|0.5|<1-3:0.5:0.5<1-4:0.5:0.5<2-3:0.5:0.5<2-4:0.5:0.5'],73.35
['[1*]c1ccc(Oc2ccc(Oc3ccc(N4C(=O)c5ccc(-c6ccc7c(c6)C(=O)N([2*])C7=O)cc5C4=O)cc3)cc2)cc1.[3*]c1ccc(Oc2ccc(Oc3ccc(N4C(=O)c5ccc(-c6ccc7c(c6)C(=O)N([4*])C7=O)cc5C4=O)cc3)cc2)cc1|0.5|0.5|<1-3:0.5:0.5<1-4:0.5:0.5<2-3:0.5:0.5<2-4:0.5:0.5'],81.52
['[1*]c1ccc(Oc2ccc(Oc3ccc(Oc4ccc(N5C(=O)c6ccc(-c7ccc8c(c7)C(=O)N([2*])C8=O)cc6C5=O)cc4)cc3)cc2)cc1.[3*]c1ccc(Oc2ccc(Oc3ccc(Oc4ccc(N5C(=O)c6ccc(-c7ccc8c(c7)C(=O)N([4*])C8=O)cc6C5=O)cc4)cc3)cc2)cc1|0.5|0.5|<1-3:0.5:0.5<1-4:0.5:0.5<2-3:0.5:0.5<2-4:0.5:0.5'],72.34
['[1*]c1ccc(Oc2ccc(-c3ccc(Oc4ccc(N5C(=O)c6ccc(Oc7cccc(Oc8ccc9c(c8)C(=O)N([2*])C9=O)c7)cc6C5=O)cc4)cc3)cc2)cc1.[3*]c1ccc(Oc2ccc(-c3ccc(Oc4ccc(N5C(=O)c6ccc(Oc7cccc(Oc8ccc9c(c8)C(=O)N([4*])C9=O)c7)cc6C5=O)cc4)cc3)cc2)cc1|0.5|0.5|<1-3:0.5:0.5<1-4:0.5:0.5<2-3:0.5:0.5<2-4:0.5:0.5'],98.4
['[1*]c1ccc(Oc2ccc(-c3ccc(Oc4ccc(N5C(=O)c6ccc(Oc7ccc8c(c7)C(=O)N([2*])C8=O)cc6C5=O)cc4)cc3)cc2)cc1.[3*]c1ccc(Oc2ccc(-c3ccc(Oc4ccc(N5C(=O)c6ccc(Oc7ccc8c(c7)C(=O)N([4*])C8=O)cc6C5=O)cc4)cc3)cc2)cc1|0.5|0.5|<1-3:0.5:0.5<1-4:0.5:0.5<2-3:0.5:0.5<2-4:0.5:0.5'],78.27
['[1*]CCC1C(=O)N(CCCCCCCCCCCC)C(=O)C1[2*].[3*]CCC1C(=O)N(CCCCCCCCCCCC)C(=O)C1[4*]|0.5|0.5|<1-3:0.5:0.5<1-4:0.5:0.5<2-3:0.5:0.5<2-4:0.5:0.5'],5.94
['[1*]CCC1C(=O)N(CCCCCCCCCCCCCCCC)C(=O)C1[2*].[3*]CCC1C(=O)N(CCCCCCCCCCCCCCCC)C(=O)C1[4*]|0.5|0.5|<1-3:0.5:0.5<1-4:0.5:0.5<2-3:0.5:0.5<2-4:0.5:0.5'],8.58
['[1*]CCC1C(=O)N(CCCCNC(=O)C(F)(F)C(F)(F)C(F)(F)C(F)(F)C(F)(F)C(F)(F)C(F)(F)F)C(=O)C1[2*].[3*]CCC1C(=O)N(CCCCNC(=O)C(F)(F)C(F)(F)C(F)(F)C(F)(F)C(F)(F)C(F)(F)C(F)(F)F)C(=O)C1[4*]|0.5|0.5|<1-3:0.5:0.5<1-4:0.5:0.5<2-3:0.5:0.5<2-4:0.5:0.5'],3.16
['[1*]CC(CCCCCCCCCCCCCCCC)C1C(=O)N(CCCCNC(=O)C(F)(F)C(F)(F)C(F)(F)C(F)(F)C(F)(F)C(F)(F)C(F)(F)F)C(=O)C1[2*].[3*]CC(CCCCCCCCCCCCCCCC)C1C(=O)N(CCCCNC(=O)C(F)(F)C(F)(F)C(F)(F)C(F)(F)C(F)(F)C(F)(F)C(F)(F)F)C(=O)C1[4*]|0.5|0.5|<1-3:0.5:0.5<1-4:0.5:0.5<2-3:0.5:0.5<2-4:0.5:0.5'],2.98
['[1*]CCCOC(=O)O[2*].[3*]CCCOC(=O)O[4*]|0.5|0.5|<1-3:0.5:0.5<1-4:0.5:0.5<2-3:0.5:0.5<2-4:0.5:0.5'],10.25
['[1*]CC(C)(C)COC(=O)O[2*].[3*]CC(C)(C)COC(=O)O[4*]|0.5|0.5|<1-3:0.5:0.5<1-4:0.5:0.5<2-3:0.5:0.5<2-4:0.5:0.5'],26.11
['[1*]CCN([2*])C(=O)CCCCCCCC.[3*]CCN([4*])C(=O)CCCCCCCC|0.5|0.5|<1-3:0.5:0.5<1-4:0.5:0.5<2-3:0.5:0.5<2-4:0.5:0.5'],16.86
['[1*]CCN([2*])C(=O)CCCCCCCCCC.[3*]CCN([4*])C(=O)CCCCCCCCCC|0.5|0.5|<1-3:0.5:0.5<1-4:0.5:0.5<2-3:0.5:0.5<2-4:0.5:0.5'],15.83
['[1*]CCN([2*])C(=O)CCCCCCCCCCCC.[3*]CCN([4*])C(=O)CCCCCCCCCCCC|0.5|0.5|<1-3:0.5:0.5<1-4:0.5:0.5<2-3:0.5:0.5<2-4:0.5:0.5'],13.23
['[1*]CCN([2*])C(=O)CCCCCCCCCCCCC.[3*]CCN([4*])C(=O)CCCCCCCCCCCCC|0.5|0.5|<1-3:0.5:0.5<1-4:0.5:0.5<2-3:0.5:0.5<2-4:0.5:0.5'],13.42
['[1*]CCN([2*])C(=O)CCCCCCCCCCCCCC.[3*]CCN([4*])C(=O)CCCCCCCCCCCCCC|0.5|0.5|<1-3:0.5:0.5<1-4:0.5:0.5<2-3:0.5:0.5<2-4:0.5:0.5'],12.58
['[1*]CCN([2*])C(=O)CCCCCCCCCCCCCCC.[3*]CCN([4*])C(=O)CCCCCCCCCCCCCCC|0.5|0.5|<1-3:0.5:0.5<1-4:0.5:0.5<2-3:0.5:0.5<2-4:0.5:0.5'],11.08
['[1*]CCN([2*])C(=O)CCC(F)(F)C(F)(F)C(F)(F)C(F)(F)F.[3*]CCN([4*])C(=O)CCC(F)(F)C(F)(F)C(F)(F)C(F)(F)F|0.5|0.5|<1-3:0.5:0.5<1-4:0.5:0.5<2-3:0.5:0.5<2-4:0.5:0.5'],26.86
['[1*]CCN([2*])C(=O)CCC(F)(F)C(F)(F)C(F)(F)C(F)(F)C(F)(F)C(F)(F)F.[3*]CCN([4*])C(=O)CCC(F)(F)C(F)(F)C(F)(F)C(F)(F)C(F)(F)C(F)(F)F|0.5|0.5|<1-3:0.5:0.5<1-4:0.5:0.5<2-3:0.5:0.5<2-4:0.5:0.5'],23.27
['[1*]CCN([2*])C(=O)CCC(F)(F)C(F)(F)C(F)(F)C(F)(F)C(F)(F)C(F)(F)C(F)(F)C(F)(F)F.[3*]CCN([4*])C(=O)CCC(F)(F)C(F)(F)C(F)(F)C(F)(F)C(F)(F)C(F)(F)C(F)(F)C(F)(F)F|0.5|0.5|<1-3:0.5:0.5<1-4:0.5:0.5<2-3:0.5:0.5<2-4:0.5:0.5'],24.72
['[1*]CCN([2*])C(=O)CCC(F)(F)C(F)(F)C(F)(F)C(F)(F)C(F)(F)C(F)(F)C(F)(F)C(F)(F)C(F)(F)C(F)(F)F.[3*]CCN([4*])C(=O)CCC(F)(F)C(F)(F)C(F)(F)C(F)(F)C(F)(F)C(F)(F)C(F)(F)C(F)(F)C(F)(F)C(F)(F)F|0.5|0.5|<1-3:0.5:0.5<1-4:0.5:0.5<2-3:0.5:0.5<2-4:0.5:0.5'],25.82
['[1*]CCN([2*])C(=O)CCC(F)(F)C(F)(F)C(F)(F)C(F)(F)C(F)(F)C(F)(F)C(F)(F)C(F)(F)C(F)(F)C(F)(F)C(F)(F)C(F)(F)F.[3*]CCN([4*])C(=O)CCC(F)(F)C(F)(F)C(F)(F)C(F)(F)C(F)(F)C(F)(F)C(F)(F)C(F)(F)C(F)(F)C(F)(F)C(F)(F)C(F)(F)F|0.5|0.5|<1-3:0.5:0.5<1-4:0.5:0.5<2-3:0.5:0.5<2-4:0.5:0.5'],37.92
['[1*]CCN([2*])C(=O)c1ccc(OCCCSCC(=O)O)cc1.[3*]CCN([4*])C(=O)c1ccc(OCCCSCC(=O)O)cc1|0.5|0.5|<1-3:0.5:0.5<1-4:0.5:0.5<2-3:0.5:0.5<2-4:0.5:0.5'],11.78
['[1*]CCN([2*])C(=O)CCCCCCCCC=C.[3*]CCN([4*])C(=O)CCCCCCCCC=C|0.5|0.5|<1-3:0.5:0.5<1-4:0.5:0.5<2-3:0.5:0.5<2-4:0.5:0.5'],17.53
['[1*]CCN([2*])C(=O)CCCCCCCCCCO.[3*]CCN([4*])C(=O)CCCCCCCCCCO|0.5|0.5|<1-3:0.5:0.5<1-4:0.5:0.5<2-3:0.5:0.5<2-4:0.5:0.5'],28.17
['[1*]CCN([2*])C(=O)CCCCCCCCC.[3*]CCN([4*])C(=O)CCCCCCCCC|0.5|0.5|<1-3:0.5:0.5<1-4:0.5:0.5<2-3:0.5:0.5<2-4:0.5:0.5'],18.09
['[1*]CC(CC)N([2*])C(=O)CCCC.[3*]CC(CC)N([4*])C(=O)CCCC|0.5|0.5|<1-3:0.5:0.5<1-4:0.5:0.5<2-3:0.5:0.5<2-4:0.5:0.5'],17.5
['[1*]c1cc(-c2ccc(OCCCCCCCCCCS(=O)(=O)O)c(S([2*])(=O)=O)c2)ccc1OCCCCCCCCCCS(=O)(=O)O.[3*]c1cc(-c2ccc(OCCCCCCCCCCS(=O)(=O)O)c(S([4*])(=O)=O)c2)ccc1OCCCCCCCCCCS(=O)(=O)O|0.5|0.5|<1-3:0.5:0.5<1-4:0.5:0.5<2-3:0.5:0.5<2-4:0.5:0.5'],5.82
['[1*]C=Cc1cc(OCCCC)c(C=Cc2ccc([2*])cc2)cc1OCCCC.[3*]C=Cc1cc(OCCCC)c(C=Cc2ccc([4*])cc2)cc1OCCCC|0.5|0.5|<1-3:0.5:0.5<1-4:0.5:0.5<2-3:0.5:0.5<2-4:0.5:0.5'],8.38
['[1*]C([2H])([2H])C([2*])(F)F.[3*]C([2H])([2H])C([4*])(F)F|0.5|0.5|<1-3:0.5:0.5<1-4:0.5:0.5<2-3:0.5:0.5<2-4:0.5:0.5'],48
['[1*]C([2H])([2H])C([2*])([2H])Cl.[3*]C([2H])([2H])C([4*])([2H])Cl|0.5|0.5|<1-3:0.5:0.5<1-4:0.5:0.5<2-3:0.5:0.5<2-4:0.5:0.5'],15.78
['[1*]C([2*])(F)F.[3*]C([4*])(F)F|0.5|0.5|<1-3:0.5:0.5<1-4:0.5:0.5<2-3:0.5:0.5<2-4:0.5:0.5'],31.84
['[1*]C/C=C\\C[2*].[3*]C/C=C\\C[4*]|0.5|0.5|<1-3:0.5:0.5<1-4:0.5:0.5<2-3:0.5:0.5<2-4:0.5:0.5'],25.58
['[1*]O[Si](C)(C)CCCC(=O)Oc1ccc(C=Nc2ccc(N=Cc3ccc(OC(=O)CCC[Si]([2*])(C)C)cc3)cc2)cc1.[3*]O[Si](C)(C)CCCC(=O)Oc1ccc(C=Nc2ccc(N=Cc3ccc(OC(=O)CCC[Si]([4*])(C)C)cc3)cc2)cc1|0.5|0.5|<1-3:0.5:0.5<1-4:0.5:0.5<2-3:0.5:0.5<2-4:0.5:0.5'],29.05
['[1*]O[Si](C)(C)CCCC(=O)Oc1ccc(C=Nc2ccc(Cc3ccc(N=Cc4ccc(OC(=O)CCC[Si]([2*])(C)C)cc4)cc3)cc2)cc1.[3*]O[Si](C)(C)CCCC(=O)Oc1ccc(C=Nc2ccc(Cc3ccc(N=Cc4ccc(OC(=O)CCC[Si]([4*])(C)C)cc4)cc3)cc2)cc1|0.5|0.5|<1-3:0.5:0.5<1-4:0.5:0.5<2-3:0.5:0.5<2-4:0.5:0.5'],21.74
['[1*]CCN(CCCCCCOc1ccc(C=Cc2ccc([N+](=O)[O-])cc2)cc1)CCOC(=O)NCCCCCCNC(=O)O[2*].[3*]CCN(CCCCCCOc1ccc(C=Cc2ccc([N+](=O)[O-])cc2)cc1)CCOC(=O)NCCCCCCNC(=O)O[4*]|0.5|0.5|<1-3:0.5:0.5<1-4:0.5:0.5<2-3:0.5:0.5<2-4:0.5:0.5'],7.55
